paper_key,method,title,first_author,year,venue,doi,arxiv_url,dataset,split_crop,split_group,proposed_method,proposed_iou,proposed_f1,best_competitor,competitor_iou,competitor_f1,margin_iou,margin_f1,metric_type,f1_iou_consistency,repeated_runs_or_variance,tta,source,notes
bandara2022changeformer,ChangeFormer,A Transformer-Based Siamese Network for Change Detection,Wele Gedara Chaminda Bandara,2022,IGARSS 2022,10.1109/IGARSS46834.2022.9883686,https://arxiv.org/abs/2201.01293,LEVIR-CD,256x256 non-overlapping crops; 7120/1024/2048 (text says 'randomly split'; counts equal the official split),LEVIR official split (256px crops or full 1024px images),ChangeFormer,82.48,90.40,BIT,80.68,89.31,1.80,1.09,change-class,proposed: ok; competitor: ok,no - caption says 'average quantitative results' but no runs/std described,no (not mentioned),"Table 1, arXiv:2201.01293v7 PDF p.4",Competitor rows identical to BIT Table I (copied). No WHU-CD experiment.
chen2022bit,BIT,Remote Sensing Image Change Detection With Transformers,Hao Chen,2022,IEEE TGRS,10.1109/TGRS.2021.3095166,https://arxiv.org/abs/2103.00208,LEVIR-CD,official split; 256x256 non-overlapping crops; 7120/1024/2048,LEVIR official split (256px crops or full 1024px images),BIT,80.68,89.31,SNUNet,78.83,88.16,1.85,1.15,change-class,proposed: ok; competitor: ok,no,no (not mentioned),"Table I, arXiv:2103.00208v3 PDF p.9",Authors' own 'Base' baseline (IoU 77.89) excluded from competitors
chen2022fccdn,FCCDN,FCCDN: Feature constraint network for VHR image change detection,Pan Chen,2022,ISPRS P&RS,10.1016/j.isprsjprs.2022.02.021,https://arxiv.org/abs/2105.10860,LEVIR-CD,"official split; trained on 512x512 crops (overlap 256), tested on full 1024x1024 images",LEVIR official split (256px crops or full 1024px images),FCCDN (512),85.69,92.29,CEECNetV2,84.89,91.83,0.80,0.46,change-class,proposed: ok; competitor: ok,yes - ablation table averaged over 3 runs (no std); main comparison single values,no (explicitly stated),"Table 3, arXiv:2105.10860v2 PDF p.25",FCCDN (256) variant: 85.62/92.25. Competitor values taken from their papers.
wang2022uvacd,UVACD,A Network Combining a Transformer and a Convolutional Neural Network for Remote Sensing Image Change Detection,Guanghui Wang,2022,Remote Sensing (MDPI),10.3390/rs14092228,,LEVIR-CD,256x256; 7120/1024/2048,LEVIR official split (256px crops or full 1024px images),UVACD,83.98,91.30,ChangeFormer,82.48,90.40,1.50,0.90,change-class,proposed: ok; competitor: ok,no - caption says 'average quantitative results'; no runs described,no (not mentioned),"Table 3, MDPI Remote Sensing HTML",Competitor rows appear copied from the original papers (BIT and ChangeFormer values match).
xia2022egctnet,EGCTNet,Building Change Detection Based on an Edge-Guided Convolutional Neural Network Combined with a Transformer,Liegang Xia,2022,Remote Sensing (MDPI),10.3390/rs14184524,,LEVIR-CD,"official split, reduced to 256x256",LEVIR official split (256px crops or full 1024px images),EGCTNet,82.95,90.68,ChangeFormer,82.48,90.40,0.47,0.28,change-class,proposed: ok; competitor: ok,no,no (not mentioned),"Table 1, MDPI Remote Sensing HTML","Printed as fractions (0.8295), converted. LEVIR competitor rows equal original-paper values."
yan2022ftn,FTN,Fully Transformer Network for Change Detection of Remote Sensing Images,Tianyu Yan,2022,ACCV 2022 (LNCS),10.1007/978-3-031-26284-5_5,https://arxiv.org/abs/2210.00757,LEVIR-CD,official split; 256x256 non-overlapping; 7120/1024/2048 (patches resized to 384x384 for the Swin backbone),LEVIR official split (256px crops or full 1024px images),FTN,83.51,91.01,ChangeFormer,82.48,90.40,1.03,0.61,change-class,proposed: ok; competitor: ok,no,no (not mentioned),"Table 1, arXiv:2210.00757v1 PDF p.10",Competitor rows appear copied from the original papers (BIT and ChangeFormer values match).
chen2023sarasnet,SARAS-Net,SARAS-Net: Scale and Relation Aware Siamese Network for Change Detection,Chao-Peng Chen,2023,AAAI 2023,10.1609/aaai.v37i12.26660,https://arxiv.org/abs/2212.01287,LEVIR-CD,256x256 patches; 7120/1024/2048,LEVIR official split (256px crops or full 1024px images),SARAS-Net (V2),84.95,91.91,DASNet,83.47,90.99,1.48,0.92,change-class,proposed: ok; competitor: ok,no,no (not mentioned),"Table 1, arXiv:2212.01287v1 PDF p.5","Competitor values differ from original papers (e.g. BIT 79.48 vs 80.68), apparently re-run."
codegoni2023tinycd,TinyCD,TINYCD: a (not so) deep learning model for change detection,Andrea Codegoni,2023,Neural Computing and Applications,10.1007/s00521-022-08122-3,https://arxiv.org/abs/2207.13159,LEVIR-CD,official split; 256x256 non-overlapping; 7120/1024/2048,LEVIR official split (256px crops or full 1024px images),TinyCD,83.57,91.05,ChangeFormer,82.48,90.40,1.09,0.65,change-class,proposed: ok; competitor: ok,no - single run with fixed random seed,no (not mentioned),"Table 1, arXiv:2207.13159v2 PDF p.9",Competitor rows identical to BIT/ChangeFormer papers (copied).
fang2023changer,Changer,Changer: Feature Interaction is What You Need for Change Detection,Sheng Fang,2023,IEEE TGRS,10.1109/TGRS.2023.3277496,https://arxiv.org/abs/2209.08290,LEVIR-CD,1024x1024 image pairs (split not restated; Open-CD toolbox),"LEVIR other, random or unstated split","ChangerEx (MiT-b0, ImageNet-pretrained)",,92.06,SNUNet (re-implemented by the authors),,91.30,,0.76,change-class (F1 only; no IoU in table),,no,no (not mentioned),"Table I, IEEE TGRS vol. 61 (2023) published PDF p.8",F1-only table (no IoU). arXiv v1 (2022); TGRS 2023 version not checked. Other competitor rows (e.g. BIT 89.31) match values printed in the BIT paper's table (256x256 protocol). Corrected 2026-09-28 to the published table: best variant ChangerEx with MiT-b0 (92.06) and strongest competitor by F1 SNUNet* (91.30); previously ChangerEx ResNet-18 (91.77) vs ChangeFormer* (91.11).
han2023cgnet,CGNet,Change Guiding Network: Incorporating Change Prior to Guide Change Detection in Remote Sensing Imagery,Chengxi Han,2023,IEEE JSTARS,10.1109/JSTARS.2023.3310208,https://arxiv.org/abs/2404.09179,LEVIR-CD,"official split, 256x256 non-overlapping; 7120/1024/2048",LEVIR official split (256px crops or full 1024px images),CGNet,85.21,92.01,HCGMNet,84.79,91.77,0.42,0.24,change-class,proposed: ok; competitor: ok,no,no (not mentioned),"Table II, arXiv:2404.09179v1 PDF p.9",Strongest competitor (HCGMNet) is the same group's earlier method.
han2023hanet,HANet,HANet: A Hierarchical Attention Network for Change Detection With Bitemporal Very-High-Resolution Remote Sensing Images,Chengxi Han,2023,IEEE JSTARS,10.1109/JSTARS.2023.3264802,,LEVIR-CD,official 445/64/128 split cropped to 256x256; 7120/1024/2048,LEVIR official split (256px crops or full 1024px images),HANet,82.27,90.28,ChangeFormer,82.21,90.20,0.06,0.08,change-class,proposed: ok; competitor: ok,no,no (not mentioned),"Table I, JSTARS vol.16 published PDF p.3874 (IEEE OA)",IoU margin +0.06.
han2023hcgmnet,HCGMNet,HCGMNet: A Hierarchical Change Guiding Map Network for Change Detection,Chengxi Han,2023,IGARSS 2023,10.1109/IGARSS52108.2023.10283341,https://arxiv.org/abs/2302.10420,LEVIR-CD,"official split, 256x256 non-overlapping; 7120/1024/2048",LEVIR official split (256px crops or full 1024px images),HCGMNet,84.79,91.77,ChangeFormer,82.21,90.20,2.58,1.57,change-class,proposed: ok; competitor: ok,no,no (not mentioned),"Table I, arXiv:2302.10420v2 PDF p.3",Competitor rows identical to HANet Table I (same group).
lei2023ussfcnet,USSFC-Net,Ultralightweight Spatial–Spectral Feature Cooperation Network for Change Detection in Remote Sensing Images,Tao Lei,2023,IEEE TGRS,10.1109/TGRS.2023.3261273,,LEVIR-CD,"1024x1024 images cropped to 13,072 256x256 patches; 10000/1024/2048 (non-standard training count)","LEVIR other, random or unstated split",USSFC-Net,,91.04,BIT,,89.31,,1.73,change-class (F1 only; no IoU in table),,no,no (not mentioned),"Table II, TGRS vol.61 published PDF p.4402114 (IEEE OA)",F1-only table (no IoU). BIT row equals the BIT paper's values (7120/1024/2048 protocol). No WHU-CD experiment.
li2023mctnet,MCTNet,MCTNet: A Multi-Scale CNN-Transformer Network for Change Detection in Optical Remote Sensing Images,Weiming Li,2023,FUSION 2023,10.23919/fusion52260.2023.10224182,https://arxiv.org/abs/2210.07601,LEVIR-CD,256x256 patches; 7120/1024/2048,LEVIR official split (256px crops or full 1024px images),MCTNet,,90.91,BIT (re-run),,89.35,,1.56,change-class (F1 only; no IoU in table),,yes - mean of three runs reported for every method; no std/CI,no (not mentioned),"Table II, arXiv:2210.07601v3 PDF p.4",F1-only table (no IoU). Competitors re-run (averaged over 3 runs).
ma2023stnet,STNet,STNet: Spatial and Temporal feature fusion network for change detection in remote sensing images,Xiaowen Ma,2023,ICME 2023,10.1109/ICME55011.2023.00375,https://arxiv.org/abs/2304.11422,LEVIR-CD,256x256 non-overlapping; 7120/1024/2048,LEVIR official split (256px crops or full 1024px images),STNet,82.09,90.52,ChangeFormer,82.48,90.40,-0.39,0.12,change-class,proposed: F1 differs by +0.36 from 2*IoU/(1+IoU); competitor: ok,no,no (not mentioned),"Table I, arXiv:2304.11422v1 PDF p.4",NEGATIVE IoU margin (-0.39) while F1 is +0.12; proposed F1/IoU pair inconsistent (F1 90.52 implies IoU 82.68).
mohammadian2023siamixformer,SiamixFormer,SiamixFormer: a fully-transformer Siamese network with temporal Fusion for accurate building detection and change detection in bi-temporal remote sensing images,Amir Mohammadian,2023,Int. J. Remote Sensing,10.1080/01431161.2023.2225228,https://arxiv.org/abs/2208.00657,LEVIR-CD,official split; 256x256 non-overlapping; 7120/1024/2048,LEVIR official split (256px crops or full 1024px images),SiamixFormer-5,85.38,91.58,UVACD,83.98,91.30,1.40,0.28,change-class,proposed: F1 differs by -0.53 from 2*IoU/(1+IoU); competitor: ok,no,no (not mentioned),"Table 4, arXiv:2208.00657v2 PDF p.11 (preprint dated July 24, 2023)","Competitor FDOR-Net is printed with IoU 91.13 > its F1 90.85 (impossible for change-class IoU; excluded as strongest-by-IoU, otherwise margin would be -5.75). WHU is used only for building extraction in this paper."
wang2023apd,APD,"Align, Perturb and Decouple: Toward Better Leverage of Difference Information for RSI Change Detection",Supeng Wang,2023,IJCAI 2023,10.24963/ijcai.2023/166,https://arxiv.org/abs/2305.18714,LEVIR-CD,official train/val/test split (default); crop size not restated,LEVIR official split (256px crops or full 1024px images),APD,84.69,91.71,TransUNetCD,83.67,91.11,1.02,0.60,change-class,proposed: ok; competitor: ok,no,no (not mentioned),"Table 1, arXiv:2305.18714v1 PDF p.6",Competitor rows appear copied from the original papers (BIT and ChangeFormer values match).
yan2023transynet,TransY-Net,TransY-Net: Learning Fully Transformer Networks for Change Detection of Remote Sensing Images,Tianyu Yan,2023,IEEE TGRS,10.1109/TGRS.2023.3327253,https://arxiv.org/abs/2310.14214,LEVIR-CD,"official split, 256x256 non-overlapping; 7120/1024/2048",LEVIR official split (256px crops or full 1024px images),TransY-Net,83.64,91.90,UVACD,83.98,91.30,-0.34,0.60,change-class,proposed: F1 differs by +0.81 from 2*IoU/(1+IoU); competitor: ok,no,no (not mentioned),"Table I, arXiv:2310.14214v1 PDF p.7",NEGATIVE IoU margin (table itself bolds UVACD IoU). Printed F1 91.90 is inconsistent with its own P/R (92.90/89.35 imply F1 91.09) and IoU (83.64 implies 91.09) - probable typo; with F1 91.09 the F1 margin would be -0.21.
ye2023afcf3dnet,AFCF3D-Net,Adjacent-Level Feature Cross-Fusion With 3-D CNN for Remote Sensing Image Change Detection,Yuanxin Ye,2023,IEEE TGRS,10.1109/TGRS.2023.3305499,https://arxiv.org/abs/2302.05109,LEVIR-CD,256x256; 7120/1024/2048,LEVIR official split (256px crops or full 1024px images),AFCF3D-Net,83.08,90.76,ChangeFormer,82.48,90.40,0.60,0.36,change-class,proposed: ok; competitor: ok,no - ablation averaged over epochs; no seeds/std,no (not mentioned),"Table I, arXiv:2302.05109v2 PDF p.8",LEVIR competitor rows for BIT/ChangeFormer equal their papers' values (copied) although text says all methods trained 100 epochs.
yin2023ctcanet,CTCANet,A CNN-Transformer Network Combining CBAM for Change Detection in High-Resolution Remote Sensing Images,Mengmeng Yin,2023,Remote Sensing (MDPI),10.3390/rs15092406,,LEVIR-CD,"official 70/10/20 split, 256x256 non-overlapping; 7120/1024/2048",LEVIR official split (256px crops or full 1024px images),CTCANet,83.85,91.21,ChangeFormer,82.48,90.40,1.37,0.81,change-class,proposed: ok; competitor: ok,no - caption says 'average quantitative results'; no runs described,no (not mentioned),"Table 1, MDPI Remote Sensing HTML",Competitor rows equal original-paper values. No WHU-CD experiment (SYSU-CD instead).
zhang2023dmmstnet,DMMSTNet,Remote Sensing Image Change Detection Based on Deep Multi-Scale Multi-Attention Siamese Transformer Network,Mengxuan Zhang,2023,Remote Sensing (MDPI),10.3390/rs15030842,,LEVIR-CD,"official 7:2:1 split, each image cut into 16 256x256 patches",LEVIR official split (256px crops or full 1024px images),DMMSTNet,83.20,90.83,SNUNet,82.11,90.29,1.09,0.54,change-class,proposed: ok; competitor: ok,no,no (not mentioned),"Table 1, MDPI Remote Sensing HTML",No WHU-CD experiment (CCD used instead).
zhao2023sgsln,SGSLN,Exchanging Dual-Encoder–Decoder: A New Strategy for Change Detection With Semantic Guidance and Spatial Localization,Sijie Zhao,2023,IEEE TGRS,10.1109/TGRS.2023.3327780,https://arxiv.org/abs/2311.11302,LEVIR-CD,"256x256 patches with 128-px overlap, random 7:1:2 split (following FCCDN) - not the official split","LEVIR other, random or unstated split",SGSLN/512,85.76,92.33,FCCDN,85.61,92.25,0.15,0.08,change-class,proposed: ok; competitor: ok,no,no (not mentioned),"Table VII, arXiv:2311.11302v1 PDF p.12",IoU margin +0.15. Own random split of overlapping patches (possible train/test overlap) while BIT/ChangeFormer-type rows come from the official split.
zhao2023vitadapter,ViT adapter (DINO/DINOv2),Adapting Vision Transformer for Efficient Change Detection,Yang Zhao,2023,arXiv preprint,,https://arxiv.org/abs/2312.04869,LEVIR-CD,256x256 crops 'following ChangeFormer'; split sizes not stated,"LEVIR other, random or unstated split",DINOv2-S (adapter-tuned frozen ViT),81.08,89.55,ChangeFormer,82.48,90.40,-1.40,-0.85,change-class,proposed: ok; competitor: ok,no,no (not mentioned),"Table II, arXiv:2312.04869v1 PDF p.7",NEGATIVE margin: authors state their method falls behind ChangeFormer on LEVIR-CD. Best proposed variant per dataset recorded (DINO-S 79.33 IoU on LEVIR).
chang2024dsfernet,Dsfer-Net,Dsfer-Net: A Deep Supervision and Feature Retrieval Network for Bitemporal Change Detection Using Modern Hopfield Networks,Shizhen Chang,2024,IEEE TGRS,10.1109/TGRS.2024.3424532,https://arxiv.org/abs/2304.01101,LEVIR-CD,256x256; 7120/1024/2048,LEVIR official split (256px crops or full 1024px images),Dsfer-Net,83.09,90.76,FrNet (re-run),79.87,88.81,3.22,1.95,change-class,proposed: ok; competitor: ok,no,no (not mentioned),"Table I, arXiv:2304.01101v2 PDF p.10",Competitors re-run by the authors and weak (ChangeFormer 73.08 IoU vs 82.48 in its paper).
chen2024srcnet,SRC-Net,SRC-Net: Bitemporal Spatial Relationship Concerned Network for Change Detection,Hongjia Chen,2024,IEEE JSTARS,10.1109/JSTARS.2024.3411622,https://arxiv.org/abs/2406.05668,LEVIR-CD,7120 training / 1024 validation patches; no test set described,"LEVIR other, random or unstated split",SRC-Net,85.60,92.24,BIT (re-run),84.66,91.69,0.94,0.55,change-class,proposed: ok; competitor: ok,no,no (not mentioned),"Table I, arXiv:2406.05668v2 PDF p.10","Printed as fractions (0.8560), converted. Competitors apparently re-run (BIT 84.66 vs 80.68 in BIT paper). Moved out of the official-split group on 2026-09-28: the published JSTARS version (Sec. IV-A) describes only ""7120 training sets and 1024 validation sets"" (the official validation size) and shows Fig. 8 results ""from the validation set""; a test set is never mentioned, so Table I is most likely on the validation split."
chen2024ttp,TTP,Time Travelling Pixels: Bitemporal Features Integration with Foundation Model for Remote Sensing Image Change Detection,Keyan Chen,2024,IGARSS 2024,10.1109/IGARSS53475.2024.10640593,https://arxiv.org/abs/2312.16202,LEVIR-CD,official 445/64/128 split of 1024x1024 images; model input 512x512,LEVIR official split (256px crops or full 1024px images),TTP,85.6,92.1,ddpm-CD,83.4,90.9,2.20,1.20,change-class,proposed: ok; competitor: ok,no,no (not mentioned),"Table 1, arXiv:2312.16202v1 PDF p.3","Values printed with one decimal. Competitor rows (BIT 80.7, ChangeFormer 82.5) are rounded values from original papers that used 256x256 crops."
ding2024samcd,SAM-CD,Adapting Segment Anything Model for Change Detection in VHR Remote Sensing Images,Lei Ding,2024,IEEE TGRS,10.1109/TGRS.2024.3368168,https://arxiv.org/abs/2309.01429,LEVIR-CD,official 445/64/128 split of 1024x1024 images,LEVIR official split (256px crops or full 1024px images),SAM-CD,91.68,95.50,CGNet,91.58,95.44,0.10,0.06,class-mean mIoU/mF1,,no,yes - 8x flip TTA at inference,"Table V, arXiv:2309.01429v4 PDF p.8 ('manuscript under review' version)","METRIC: class-averaged mIoU/mF1 (changed+unchanged), not change-class IoU/F1; margins not directly comparable (roughly half the change-class margin)."
dong2024efficientcd,EfficientCD,EfficientCD: A New Strategy for Change Detection Based With Bi-Temporal Layers Exchanged,Sijun Dong,2024,IEEE TGRS,10.1109/TGRS.2024.3433014,https://arxiv.org/abs/2407.15999,LEVIR-CD,"official 445/64/128 split cut into 256x256 patches with 64-px overlap (16,020 train / 2,304 val / ... test)",LEVIR official split (256px crops or full 1024px images),EfficientCD (B5),85.55,92.21,CGNet,85.40,92.13,0.15,0.08,change-class,proposed: ok; competitor: ok,no,no (not mentioned),"Table III, arXiv:2407.15999v1 PDF p.8",IoU margin +0.15 (text states the same). Mix of copied and retrained competitor rows.
jia2024smdnet,SMDNet,Siamese Meets Diffusion Network: SMDNet for Enhanced Change Detection in High-Resolution RS Imagery,Jia Jia,2024,IEEE JSTARS,10.1109/JSTARS.2024.3384545,https://arxiv.org/abs/2401.09325,LEVIR-CD,"256x256 crops, own RANDOM 0.75/0.2/0.05 train/test/val split","LEVIR other, random or unstated split",SMDNet,82.71,89.17,ChangeFormer,82.48,90.40,0.23,-1.23,change-class,"proposed: F1 89.17 (consistent with its P/R) implies IoU 80.46, printed 82.71; competitor: ok",no,no (not mentioned); iterative diffusion sampling at inference,"Table II, IEEE JSTARS vol. 17 (2024) published PDF p.8196","Own random split, but competitor rows are copied from BIT/ChangeFormer papers (official split). Proposed F1 90.99 inconsistent with its P/R 92.71/85.89 (imply 89.17) and IoU (implies 90.54). F1 corrected 2026-09-28 to the published value 89.17; the arXiv version prints 90.99, which does not match its own precision and recall."
lei2024lsat,LSAT,Lightweight Structure-Aware Transformer Network for Remote Sensing Image Change Detection,Tao Lei,2024,IEEE GRSL,10.1109/LGRS.2023.3323534,https://arxiv.org/abs/2306.01988,LEVIR-CD,"random 256x256 crops; 10,000/1,024/2,048 (non-standard training count)","LEVIR other, random or unstated split",LSAT,,91.52,FHD,,91.09,,0.43,change-class (F1 only; no IoU in table),,no,no (not mentioned),"Table I, IEEE GRSL vol. 21 (2024) published PDF p.4","F1-only (second metric is a custom 'DIP', not IoU). BIT/ChangeFormer rows equal their papers' values (official 7120/1024/2048 protocol). Corrected 2026-09-28 to the published table: strongest competitor by F1 is FHD (91.09), not ChangeFormer (90.40)."
li2024ban,BAN,A New Learning Paradigm for Foundation Model-Based Remote-Sensing Change Detection,Kaiyu Li,2024,IEEE TGRS,10.1109/TGRS.2024.3365825,https://arxiv.org/abs/2312.01163,LEVIR-CD,official 445/64/128 split of 1024x1024 images,LEVIR official split (256px crops or full 1024px images),BAN-CF-b0,84.94,91.86,CSTSUNet,83.16,90.81,1.78,1.05,change-class,proposed: ok; competitor: ok,no,no (not mentioned),"Table I, arXiv:2312.01163v2 PDF p.9",BAN is a plug-in: paired gains printed as +2.68 IoU (BAN-BiT vs re-implemented BiT*) and +2.46 (BAN-CF-b0 vs ChangeFormer). ConvTransNet has F1 90.91 but no IoU. WHU-CD only appears in a semi-supervised table (not recorded).
ma2024cdmask,CDMaskFormer,Rethinking Remote Sensing Change Detection With A Mask View,Xiaowen Ma,2024,arXiv preprint,,https://arxiv.org/abs/2406.15320,LEVIR-CD,"official split, 256x256 non-overlapping",LEVIR official split (256px crops or full 1024px images),CDMaskFormer,82.92,90.66,SARASNet,82.55,90.44,0.37,0.22,change-class,proposed: ok; competitor: ok,yes - Fig. 1 plots median and standard deviation over 5 random seeds; table values are point estimates,no (not mentioned),"Table 2, arXiv:2406.15320v1 PDF p.8",Competitor rows largely identical to CDXLSTM/CD-Lamba tables (copied).
ma2024ddlnet,DDLNet,DDLNet: Boosting Remote Sensing Change Detection with Dual-Domain Learning,Xiaowen Ma,2024,ICME 2024,10.1109/ICME57554.2024.10688140,https://arxiv.org/abs/2406.13606,LEVIR-CD,256x256 non-overlapping; 7120/1024/2048 (text says 'randomly divide'),LEVIR official split (256px crops or full 1024px images),DDLNet,82.49,90.60,ChangeFormer,82.48,90.40,0.01,0.20,change-class,proposed: F1 differs by +0.20 from 2*IoU/(1+IoU); competitor: ok,no,no (not mentioned),"Table I, arXiv:2406.13606v1 PDF p.4",IoU margin only +0.01. Proposed F1/IoU pair inconsistent (F1 90.60 implies IoU 82.81).
noman2024changebind,ChangeBind,ChangeBind: A Hybrid Change Encoder for Remote Sensing Change Detection,Mubashir Noman,2024,IGARSS 2024,10.1109/IGARSS53475.2024.10640559,https://arxiv.org/abs/2404.17565,LEVIR-CD,"official split, 256x256; 7120/1024/2048",LEVIR official split (256px crops or full 1024px images),ChangeBind,84.94,91.86,TransUNetCD,83.67,91.11,1.27,0.75,change-class,proposed: ok; competitor: ok,no,no (not mentioned),"Table 1, arXiv:2404.17565v1 PDF p.3",Competitor rows appear copied from the original papers (BIT and ChangeFormer values match). No WHU-CD experiment.
noman2024elgcnet,ELGC-Net,ELGC-Net: Efficient Local–Global Context Aggregation for Remote Sensing Change Detection,Mubashir Noman,2024,IEEE TGRS,10.1109/TGRS.2024.3362914,https://arxiv.org/abs/2403.17909,LEVIR-CD,official split; 256x256 non-overlapping; 7120/1024/2048,LEVIR official split (256px crops or full 1024px images),ELGC-Net,83.83,91.20,TransUNetCD,83.67,91.11,0.16,0.09,change-class,proposed: ok; competitor: ok,no,no (not mentioned),"Table I, arXiv:2403.17909v1 PDF p.7",Competitor rows appear copied from the original papers (BIT and ChangeFormer values match). No WHU-CD experiment.
noman2024scratchformer,ScratchFormer,Remote Sensing Change Detection With Transformers Trained From Scratch,Mubashir Noman,2024,IEEE TGRS,10.1109/TGRS.2024.3383800,https://arxiv.org/abs/2304.06710,LEVIR-CD,official split; 256x256 non-overlapping; 7120/1024/2048,LEVIR official split (256px crops or full 1024px images),ScratchFormer,84.63,91.68,TransUNetCD,83.67,91.11,0.96,0.57,change-class,proposed: ok; competitor: ok,no,no (not mentioned); inputs upsampled 256->512 at inference,"Table I, IEEE TGRS vol. 62 (2024) published PDF p.8 (article 4704214)",arXiv v1 (2023); TGRS 2024 version not checked. Numbers corrected on 2026-09-28 to the published TGRS version; the arXiv v1 table (used before) printed LEVIR-CD 84.81/91.78 and WHU-CD 85.46/92.16 for ScratchFormer.
ren2024mfinet,MFINet,MFINet: Multi-Scale Feature Interaction Network for Change Detection of High-Resolution Remote Sensing Images,Wuxu Ren,2024,Remote Sensing (MDPI),10.3390/rs16071269,,LEVIR-CD,256x256; 7120/1024/2048,LEVIR official split (256px crops or full 1024px images),MFINet,82.33,90.12,SAFNet,81.66,89.43,0.67,0.69,change-class,proposed: F1 differs by -0.19 from 2*IoU/(1+IoU); competitor: F1 differs by -0.47 from 2*IoU/(1+IoU),no,no (not mentioned),"Table 3, MDPI Remote Sensing HTML",Several F1/IoU pairs internally inconsistent (e.g. SAGNet 88.65/81.59; MFINet F1 90.12 implies IoU 82.02). No WHU-CD experiment (GZ-CD instead).
wang2024rsbuilding,RSBuilding,RSBuilding: Toward General Remote Sensing Image Building Extraction and Change Detection With Foundation Model,Mingze Wang,2024,IEEE TGRS,10.1109/TGRS.2024.3439395,https://arxiv.org/abs/2403.07564,LEVIR-CD,official 445/64/128 split of 1024x1024 images,LEVIR official split (256px crops or full 1024px images),RSBuilding,86.19,92.59,SNUNet-C32,85.14,91.97,1.05,0.62,change-class,proposed: ok; competitor: ok,no,no (not mentioned),"Table III, arXiv:2403.07564v2 PDF p.10",Foundation model pre-trained on ~245k building images. Some competitor F1/IoU pairs inconsistent (TinyCD 90.51/84.53).
wen2024gcdddpm,GCD-DDPM,GCD-DDPM: A Generative Change Detection Model Based on Difference-Feature-Guided DDPM,Yihan Wen,2024,IEEE TGRS,10.1109/TGRS.2024.3381752,https://arxiv.org/abs/2306.03424,LEVIR-CD,official split; 256x256 non-overlapping; 7120/1024/2048,LEVIR official split (256px crops or full 1024px images),GCD-DDPM,83.56,90.96,DDPM-CD,82.73,90.52,0.83,0.44,change-class,proposed: ok; competitor: ok,no,no (not mentioned); iterative diffusion sampling at inference,"Table IV, arXiv:2306.03424v4 PDF p.11",
yu2024maskcd,MaskCD,MaskCD: A Remote Sensing Change Detection Network Based on Mask Classification,Weikang Yu,2024,IEEE TGRS,10.1109/TGRS.2024.3424300,https://arxiv.org/abs/2404.12081,LEVIR-CD,"256x256 non-overlapping crops, RANDOM train/val/test split (not the official split); single run, seed 8888","LEVIR other, random or unstated split",MaskCD,83.45,90.98,BIT (re-trained by the authors),79.92,88.84,3.53,2.14,change-class,proposed: ok; competitor: ok,"no - single run, fixed seed",no (not mentioned),"Table I, IEEE TGRS vol. 62 (2024) published PDF p.9 (article 5631316)","METRIC: mIoU = (IoU_changed + IoU_unchanged)/2, not change-class IoU; printed as fractions (0.9113). Competitors re-run by the authors (A2Net F1 only 66.83). No WHU-CD experiment. Corrected 2026-09-28 to the published version, whose Table I reports change-class cIoU (the arXiv table used before gave class-mean mIoU 91.13). The paper uses its own random split without counts, so the row stays in the unstated-split group."
zhan2024amfnet,AMFNet,AMFNet: Attention-Guided Multi-Scale Fusion Network for Bi-Temporal Change Detection in Remote Sensing Images,Zisen Zhan,2024,Remote Sensing (MDPI),10.3390/rs16101765,,LEVIR-CD,"256x256; 7:1:2 split, 7120/1024/2048",LEVIR official split (256px crops or full 1024px images),AMFNet,83.13,90.79,SAGNet,81.98,90.10,1.15,0.69,change-class,proposed: ok; competitor: ok,no,no (not mentioned),"Table 5, MDPI Remote Sensing HTML","Competitors apparently re-run (BIT 81.59). Proposed P/R (94.77/91.15) imply F1 92.93, inconsistent with printed F1 90.79. No WHU-CD experiment."
zhao2024rsmamba,RS-Mamba (RSM-CD),RS-Mamba for Large Remote Sensing Image Dense Prediction,Sijie Zhao,2024,IEEE TGRS,10.1109/TGRS.2024.3425540,https://arxiv.org/abs/2404.02668,LEVIR-CD,1024x1024 non-overlapping patches (full images); split not restated,"LEVIR other, random or unstated split",RSM-CD,83.66,91.10,AMTNet-50,83.08,90.76,0.58,0.34,change-class,proposed: ok; competitor: ok,no,no (not mentioned),"Table VI, arXiv:2404.02668v2 PDF p.9","Competitor rows appear copied from their papers (BIT 80.68, ChangeFormer 82.47), which used 256x256 crops."
bandara2025ddpmcd,DDPM-CD,DDPM-CD: Denoising Diffusion Probabilistic Models as Feature Extractors for Remote Sensing Change Detection,Wele Gedara Chaminda Bandara,2025,WACV 2025,10.1109/WACV61041.2025.00513,https://arxiv.org/abs/2206.11892,LEVIR-CD,not stated in the WACV paper,"LEVIR other, random or unstated split",DDPM-CD (IN1k),89.82,94.39,ChangeFormer,82.48,90.40,7.34,3.99,change-class,"proposed: F1 94.39 implies IoU 89.38, printed 89.82; competitor: ok",no - caption says 'average quantitative results'; no runs/std described,no (not mentioned),"Table 1, WACV 2025 CVF open-access PDF p.7 (published version)","Numbers from the published WACV 2025 version. Its Table 1 has two DDPM-CD rows, IN1k-initialized and GE; the best (IN1k) is recorded, although the main text does not describe that variant. arXiv 2206.11892v3 is a differently titled TGRS-format version with a different Table I that reports only the GE variant. Split not stated in the WACV paper. Re-assigned on 2026-09-28 after the blind re-extraction."
li2025faewnet,FAEWNet,SAM-Based Building Change Detection With Distribution-Aware Fourier Adaptation and Edge-Constrained Warping,Yun-Cheng Li,2025,IEEE TGRS,10.1109/TGRS.2025.3629110,https://arxiv.org/abs/2504.12619,LEVIR-CD,"1024x1024 images, 512x512 training crops; split not restated","LEVIR other, random or unstated split",FAEWNet,85.89,92.41,TTP,85.79,92.35,0.10,0.06,change-class,proposed: ok; competitor: ok,no,no (not mentioned),"Table 1, arXiv:2504.12619v1 PDF p.20",SAM-based (VFM) model. Competitors appear re-run by the authors (values differ from the original papers).
paranjape2025mcd,M-CD,A Mamba-Based Siamese Network for Remote Sensing Change Detection,Jay N. Paranjape,2025,WACV 2025,10.1109/WACV61041.2025.00123,https://arxiv.org/abs/2407.06839,LEVIR-CD,256x256; 7120/1024/2048,LEVIR official split (256px crops or full 1024px images),M-CD,85.0,92.1,DDPM-CD,83.3,90.9,1.70,1.20,change-class,proposed: F1 differs by +0.21 from 2*IoU/(1+IoU); competitor: ok,yes - states p-value <= 1e-5 vs all other methods; test and sampling unit not described; no std,no (not mentioned),"Table 1, arXiv:2407.06839v1 PDF p.7","Printed as fractions (0.850 etc.), converted to %."
wu2025cdxlstm,CDXLSTM,CDxLSTM: Boosting Remote Sensing Change Detection With Extended Long Short-Term Memory,Zhenkai Wu,2025,IEEE GRSL,10.1109/LGRS.2025.3562480,https://arxiv.org/abs/2411.07863,LEVIR-CD,not stated in main text (details deferred to supplementary); FLOPs reported at 256x256,LEVIR official split (256px crops or full 1024px images),CDXLSTM,83.30,90.89,RS-Mamba,82.93,90.67,0.37,0.22,change-class,proposed: ok; competitor: ok,no,no (not mentioned),"Table I, arXiv:2411.07863v3 PDF p.3",Several competitor rows equal BIT Table I values (copied).
yang2025changetitans,ChangeTitans,ChangeTitans: Toward Remote Sensing Change Detection With Neural Memory,Zhenyu Yang,2025,IEEE TGRS,10.1109/TGRS.2025.3636902,https://arxiv.org/abs/2602.10491,LEVIR-CD,256x256 patches via sliding-window cropping; split sizes not stated,"LEVIR other, random or unstated split",ChangeTitans,84.36,91.52,ChangeMamba,84.27,91.37,0.09,0.15,change-class,proposed: ok; competitor: ok,no,no (not mentioned),"Table I, arXiv:2602.10491v1 PDF p.7",IoU margin +0.09.
yang2025ehctnet,EHCTNet,Enhanced hybrid CNN and transformer network for remote sensing image change detection,Junjie Yang,2025,Scientific Reports,10.1038/s41598-025-94544-7,https://arxiv.org/abs/2501.01238,LEVIR-CD,256x256 patches; 7120/1024/2048,LEVIR official split (256px crops or full 1024px images),EHCTNet,90.38,90.00,BIT (as re-reported in this table),89.01,88.40,1.37,1.60,IoU column mixes metrics; F1 change-class,,no,no (not mentioned),"Table 1, arXiv:2501.01238v1 PDF p.5","METRIC FLAG: IoU column mixes metrics - several rows (VcT 86.26, BIT 89.01, EHCTNet 90.38) exceed or nearly equal their F1, impossible for change-class IoU (F1 90.00 implies IoU 81.8), while others (FC-EF 71.53) are change-class IoU. Best competitor by F1 is CropLand (88.67). Precision column not reported."
zhang2025cdmamba,CDMamba,CDMamba: Incorporating Local Clues Into Mamba for Remote Sensing Image Binary Change Detection,Haotian Zhang,2025,IEEE TGRS,10.1109/TGRS.2025.3545012,https://arxiv.org/abs/2406.04207,LEVIR-CD,official split; 256x256 non-overlapping; 7120/1024/2048,LEVIR official split (256px crops or full 1024px images),CDMamba,83.07,90.75,DARNet,82.76,90.56,0.31,0.19,change-class,proposed: ok; competitor: ok,no,no (not mentioned),"Table I, arXiv:2406.04207v2 PDF p.7",Competitor numbers here differ from those printed in the original papers (e.g. BIT 81.87 IoU vs 80.68 in BIT paper).
zheng2025changen2,Changen2,Changen2: Multi-Temporal Remote Sensing Generative Change Foundation Model,Zhuo Zheng,2025,IEEE TPAMI,10.1109/TPAMI.2024.3475824,https://arxiv.org/abs/2406.17998,LEVIR-CD,"LEVIR-CD test; trained on 512x512 random crops, inference on full 1024x1024 images",LEVIR official split (256px crops or full 1024px images),ChangeStar(1x256) ViT-B + Changen2 pre-training,,92.5,BAN-BiT (CLIP ViT-L/14),,91.9,,0.60,change-class (F1 only; no IoU in table),,no,no (explicitly stated),"Table III, IEEE TPAMI vol. 47 (2025) published PDF p.12","F1-only, one decimal. Pre-training paper: the comparison is against the same architecture with other pre-training; best external method in the table is BAN-BiT (F1 91.9). WHU-CD used only for zero-shot evaluation (not recorded). Competitor set on 2026-09-28 to BAN-BiT (F1 91.9), the strongest published method; the authors' own same-architecture pre-training baselines are excluded, as for every other row."
zhong2025tunet,T-UNet,T-UNet: triplet UNet for change detection in high-resolution remote sensing images,Huan Zhong,2025,Geo-spatial Information Science,10.1080/10095020.2024.2338224,https://arxiv.org/abs/2308.02356,LEVIR-CD,"256x256 crops (10,192 pairs); random 7:1:2 split, 7120/1024/2048",LEVIR official split (256px crops or full 1024px images),T-UNet,,91.63,DESSN,,90.06,,1.57,change-class (F1 only; no IoU in table),,no,no (not mentioned),"Table 2, arXiv:2308.02356v1 PDF p.14",F1-only table (no IoU).
cheng2026changedino,ChangeDINO,ChangeDINO: DINOv3-Driven Building Change Detection in Optical Remote Sensing Imagery,Ching-Heng Cheng,2026,ISPRS Annals,10.5194/isprs-annals-xi-3-2026-523-2026,https://arxiv.org/abs/2511.16322,LEVIR-CD,"official partitions, 256x256 non-overlapping; 7120/1024/2048",LEVIR official split (256px crops or full 1024px images),ChangeDINO,85.72,92.31,CLAFA,85.31,92.07,0.41,0.24,change-class,proposed: ok; competitor: ok,no,no (not mentioned),"Table 1, arXiv:2511.16322v1 PDF p.5",DINOv3-based model.
dong2026peftcd,PeftCD,PeftCD: Leveraging Vision Foundation Models With Parameter-Efficient Fine-Tuning for Remote Sensing Change Detection,Sijun Dong,2026,IEEE JSTARS,10.1109/JSTARS.2026.3679260,https://arxiv.org/abs/2509.09572,LEVIR-CD,256x256 random crops for training; sliding-window inference at test; split not restated,"LEVIR other, random or unstated split",PeftCD (SAM2+LoRA),85.62,92.25,FTA-Net,85.58,92.23,0.04,0.02,change-class,proposed: ok; competitor: ok,no,no (not mentioned); sliding-window inference,"Table VIII, arXiv:2509.09572v1 PDF p.11",IoU margin +0.04. Same paper reports frozen-encoder DINOv3 at 80.83 IoU on LEVIR-CD (Table IX).
tong2026semdino,SemDINO,SemDINO: Foundation Prior-Guided Cross-Temporal Semantic Alignment Network for Remote Sensing Change Detection,Xinyu Tong,2026,arXiv preprint,,https://arxiv.org/abs/2606.09772,LEVIR-CD,"official split, 256x256 non-overlapping; 7120/1024/2048",LEVIR official split (256px crops or full 1024px images),"SemDINO (frozen DINOv3 + MoFPN, BCD head)",86.51,92.97,ChangeDINO,85.72,92.31,0.79,0.66,change-class,proposed: F1 differs by +0.20 from 2*IoU/(1+IoU); competitor: ok,no,no (not mentioned),"Table VI, arXiv:2606.09772v3 PDF p.13",Secondary BCD table in a semantic-CD paper. Proposed F1/IoU pair inconsistent (F1 92.97 implies IoU 86.86).
wang2026next2formercd,NeXt2Former-CD,NEXT2FORMER-CD: Efficient Remote Sensing Change Detection with Modern Vision Architectures,Yufan Wang,2026,ICIP 2026,10.1109/ICIP61757.2026.11629935,https://arxiv.org/abs/2602.18717,LEVIR-CD,256x256 non-overlapping; 7120/1024/2048 (M-CD protocol),LEVIR official split (256px crops or full 1024px images),NeXt2Former-CD,85.4,92.1,M-CD (re-evaluated released model),85.0,91.9,0.40,0.20,change-class,proposed: ok; competitor: ok,no,no (not mentioned),"Table 1, arXiv:2602.18717v1 PDF p.4","Printed as fractions, converted. Corrected M-CD F1 0.919 (M-CD paper printed 0.921)."
xie2026fsgnet,FSG-Net,FSG-Net: Frequency-Spatial Synergistic Gated Network for High-Resolution Remote Sensing Change Detection,Zhongxiang Xie,2026,IEEE TGRS,10.1109/TGRS.2026.3666124,https://arxiv.org/abs/2509.06482,LEVIR-CD,official protocol; 256x256; 7120/1024/2048,LEVIR official split (256px crops or full 1024px images),FSG-Net,83.94,91.27,WS-Net++,83.60,91.07,0.34,0.20,change-class,proposed: ok; competitor: ok,no,no (not mentioned),"Table I, arXiv:2509.06482v1 PDF p.8",No WHU-CD experiment.
yang2026changerwkv,ChangeRWKV,Beyond Quadratic: Linear-Time Change Detection with RWKV,Zhenyu Yang,2026,AAAI 2026,10.1609/aaai.v40i14.38167,https://arxiv.org/abs/2603.19606,LEVIR-CD,256x256 patches via sliding-window cropping (following Li et al. 2024); split sizes not stated,"LEVIR other, random or unstated split",ChangeRWKV-B,85.46,92.16,ChangeMamba,84.27,91.37,1.19,0.79,change-class,proposed: ok; competitor: ok,no,no (not mentioned),"Table 1, arXiv:2603.19606v1 PDF p.4",Three model sizes; best per dataset recorded.
zhang2026adadino,AdaDINO,AdaDINO: Pair-Aware In-Backbone Adaptation of Frozen DINO for Efficient Remote Sensing Change Detection,Xu Zhang,2026,arXiv preprint,,https://arxiv.org/abs/2608.07982,LEVIR-CD,256x256 non-overlapping; 7120/1024/2048,LEVIR official split (256px crops or full 1024px images),AdaDINO,85.79,92.35,FAEWNet,85.89,92.41,-0.10,-0.06,change-class,proposed: ok; competitor: ok,no,no (explicitly stated),"Table 1, arXiv:2608.07982v1 PDF p.6","NEGATIVE margin (-0.10 IoU). FAEWNet value copied from its paper (512-crop training, 1024 inference)."
zhu2026changevit,ChangeViT,ChangeViT: Unleashing plain vision transformers for change detection in remote sensing images,Duowang Zhu,2026,Pattern Recognition,10.1016/j.patcog.2025.112539,https://arxiv.org/abs/2406.12847,LEVIR-CD,256x256 non-overlapping; 7120/1024/2048,LEVIR official split (256px crops or full 1024px images),ChangeViT-S,85.16,91.98,EATDer,83.80,91.20,1.36,0.78,change-class,proposed: ok; competitor: ok,no,no (not mentioned),"Table I, arXiv:2406.12847v1 PDF p.6",Two proposed sizes (T/S); best recorded.
chen2022bit,BIT,Remote Sensing Image Change Detection With Transformers,Hao Chen,2022,IEEE TGRS,10.1109/TGRS.2021.3095166,https://arxiv.org/abs/2103.00208,WHU-CD,256x256 non-overlapping crops; random split 6096/762/762,WHU random 256px split 6096/762/762 (BIT),BIT,72.39,83.98,SNUNet,71.67,83.50,0.72,0.48,change-class,proposed: ok; competitor: ok,no,no (not mentioned),"Table I, arXiv:2103.00208v3 PDF p.9",WHU split is the authors' own random split (later reused widely)
chen2022fccdn,FCCDN,FCCDN: Feature constraint network for VHR image change detection,Pan Chen,2022,ISPRS P&RS,10.1016/j.isprsjprs.2022.02.021,https://arxiv.org/abs/2105.10860,WHU-CD,256x256 non-overlapping; random 7:1:2 split following DDCNN,WHU other or unstated split,FCCDN,88.20,93.73,DDCNN,84.09,91.36,4.11,2.37,change-class,proposed: ok; competitor: ok,yes - ablation table averaged over 3 runs (no std); main comparison single values,no (explicitly stated),"Table 4, arXiv:2105.10860v2 PDF p.28",Competitor values copied from their papers; BiT S4 row (72.39) comes from BIT's 6096/762/762 split although the text states it used the same split.
wang2022uvacd,UVACD,A Network Combining a Transformer and a Convolutional Neural Network for Remote Sensing Image Change Detection,Guanghui Wang,2022,Remote Sensing (MDPI),10.3390/rs14092228,,WHU-CD,"256x256 tiles; 4491/498/2700 (test = 2700 tiles, apparently the official test area)",WHU official area-based train/test split,UVACD,86.64,92.84,DDCNN,84.9,91.36,1.74,1.48,change-class,proposed: ok; competitor: F1 differs by -0.47 from 2*IoU/(1+IoU),no - caption says 'average quantitative results'; no runs described,no (not mentioned),"Table 2, MDPI Remote Sensing HTML","DDCNN row matches the DDCNN values in FCCDN's table (P 93.71, R 89.12, F1 91.36) except IoU, printed 84.9 here vs 84.09 there; with 84.09 the margin would be 2.55. Those DDCNN values come from DDCNN's 7:1:2 random split, whereas UVACD uses 4491/498/2700, so protocols are mixed."
xia2022egctnet,EGCTNet,Building Change Detection Based on an Edge-Guided Convolutional Neural Network Combined with a Transformer,Liegang Xia,2022,Remote Sensing (MDPI),10.3390/rs14184524,,WHU-CD,"7680 non-overlapping 256x256 tiles, own random 7:2:1 train/test/val split",WHU other or unstated split,EGCTNet,82.98,90.70,DTCDSCN (re-run),81.68,89.91,1.30,0.79,change-class,proposed: ok; competitor: ok,no,no (not mentioned),"Table 2, MDPI Remote Sensing HTML","Printed as fractions, converted. WHU competitors re-run with the same augmentation."
yan2022ftn,FTN,Fully Transformer Network for Change Detection of Remote Sensing Images,Tianyu Yan,2022,ACCV 2022 (LNCS),10.1007/978-3-031-26284-5_5,https://arxiv.org/abs/2210.00757,WHU-CD,256x256 non-overlapping; random 6096/762/762,WHU random 256px split 6096/762/762 (BIT),FTN,85.45,92.16,H-TransCD,83.85,91.22,1.60,0.94,change-class,proposed: ok; competitor: ok,no,no (not mentioned),"Table 1, arXiv:2210.00757v1 PDF p.10",
chen2023sarasnet,SARAS-Net,SARAS-Net: Scale and Relation Aware Siamese Network for Change Detection,Chao-Peng Chen,2023,AAAI 2023,10.1609/aaai.v37i12.26660,https://arxiv.org/abs/2212.01287,WHU-CD,256x256 non-overlapping; 6690/744/744 (non-standard),WHU other or unstated split,SARAS-Net (V2),83.47,90.99,BIT,81.35,89.72,2.12,1.27,change-class,proposed: ok; competitor: ok,no,no (not mentioned),"Table 1, arXiv:2212.01287v1 PDF p.5",Unusual WHU split (6690/744/744).
codegoni2023tinycd,TinyCD,TINYCD: a (not so) deep learning model for change detection,Andrea Codegoni,2023,Neural Computing and Applications,10.1007/s00521-022-08122-3,https://arxiv.org/abs/2207.13159,WHU-CD,256x256 non-overlapping; random 5947/743/744,WHU random 256px split 5947/743/744,TinyCD,84.74,91.74,BIT,72.39,83.98,12.35,7.76,change-class,proposed: ok; competitor: ok,no - single run with fixed random seed,no (not mentioned),"Table 2, arXiv:2207.13159v2 PDF p.9",Split mismatch: TinyCD evaluated on 5947/743/744 while competitor rows are copied from BIT (6096/762/762 split); the +12.35 IoU margin largely reflects protocol differences.
han2023cgnet,CGNet,Change Guiding Network: Incorporating Change Prior to Guide Change Detection in Remote Sensing Imagery,Chengxi Han,2023,IEEE JSTARS,10.1109/JSTARS.2023.3310208,https://arxiv.org/abs/2404.09179,WHU-CD,official WHU split (1260/690 tiles of 512x512) cropped to 256x256 (4536 train per Table I),WHU official area-based train/test split,CGNet,86.21,92.59,HCGMNet,85.33,92.08,0.88,0.51,change-class,proposed: ok; competitor: ok,no,no (not mentioned),"Table II, arXiv:2404.09179v1 PDF p.9",Competitor rows for HANet etc. equal the HANet paper values.
han2023hanet,HANet,HANet: A Hierarchical Attention Network for Change Detection With Bitemporal Very-High-Resolution Remote Sensing Images,Chengxi Han,2023,IEEE JSTARS,10.1109/JSTARS.2023.3264802,,WHU-CD,official WHU train/test tiles (1260/690 of 512x512) cropped to 256x256; 4536/504/2760 (val = 10% of train),WHU official area-based train/test split,HANet,78.82,88.16,SNUNet,78.19,87.76,0.63,0.40,change-class,proposed: ok; competitor: ok,no,no (not mentioned),"Table I, JSTARS vol.16 published PDF p.3874 (IEEE OA)",
han2023hcgmnet,HCGMNet,HCGMNet: A Hierarchical Change Guiding Map Network for Change Detection,Chengxi Han,2023,IGARSS 2023,10.1109/IGARSS52108.2023.10283341,https://arxiv.org/abs/2302.10420,WHU-CD,official WHU split cropped to 256x256; 4536/504/2760,WHU official area-based train/test split,HCGMNet,85.33,92.08,SNUNet,78.19,87.76,7.14,4.32,change-class,proposed: ok; competitor: ok,no,no (not mentioned),"Table I, arXiv:2302.10420v2 PDF p.3","Text claims +1.33 IoU over previous SOTA on WHU, but the table gives +7.14 over the best listed competitor."
ma2023stnet,STNet,STNet: Spatial and Temporal feature fusion network for change detection in remote sensing images,Xiaowen Ma,2023,ICME 2023,10.1109/ICME55011.2023.00375,https://arxiv.org/abs/2304.11422,WHU-CD,256x256; random 6096/762/762,WHU random 256px split 6096/762/762 (BIT),STNet,77.72,87.46,ChangeStar(FarSeg),77.00,87.01,0.72,0.45,change-class,proposed: ok; competitor: ok,no,no (not mentioned),"Table I, arXiv:2304.11422v1 PDF p.4",
wang2023apd,APD,"Align, Perturb and Decouple: Toward Better Leverage of Difference Information for RSI Change Detection",Supeng Wang,2023,IJCAI 2023,10.24963/ijcai.2023/166,https://arxiv.org/abs/2305.18714,WHU-CD,official 512x512 tiles and official train/test split,WHU official area-based train/test split,APD,90.80,95.18,TransUNetCD,84.42,93.59,6.38,1.59,change-class,proposed: ok; competitor: F1 differs by +2.04 from 2*IoU/(1+IoU),no,no (not mentioned),"Table 1, arXiv:2305.18714v1 PDF p.6","Protocol mismatch: APD uses the official 512x512 split, while competitor rows such as BiT 72.39 are copied from papers that used a 256x256 random split. TransUNetCD row has P=F1=93.59 and IoU 84.42 (internally inconsistent)."
yan2023transynet,TransY-Net,TransY-Net: Learning Fully Transformer Networks for Change Detection of Remote Sensing Images,Tianyu Yan,2023,IEEE TGRS,10.1109/TGRS.2023.3327253,https://arxiv.org/abs/2310.14214,WHU-CD,256x256 non-overlapping; random 6096/762/762,WHU random 256px split 6096/762/762 (BIT),TransY-Net,87.58,93.38,FTN,85.45,92.16,2.13,1.22,change-class,proposed: ok; competitor: ok,no,no (not mentioned),"Table I, arXiv:2310.14214v1 PDF p.7",Strongest competitor (FTN) is the same group's earlier model. UVACD WHU row duplicates H-TransCD's LEVIR row (copy error in table).
ye2023afcf3dnet,AFCF3D-Net,Adjacent-Level Feature Cross-Fusion With 3-D CNN for Remote Sensing Image Change Detection,Yuanxin Ye,2023,IEEE TGRS,10.1109/TGRS.2023.3305499,https://arxiv.org/abs/2302.05109,WHU-CD,256x256 non-overlapping; random 6096/762/762,WHU random 256px split 6096/762/762 (BIT),AFCF3D-Net,87.93,93.58,LightCDNet,84.30,91.50,3.63,2.08,change-class,proposed: ok; competitor: ok,no - ablation table averages test results over epochs 80-100; no seeds/std,no (not mentioned),"Table I, arXiv:2302.05109v2 PDF p.8",Main table uses best-validation checkpoint.
zhao2023sgsln,SGSLN,Exchanging Dual-Encoder–Decoder: A New Strategy for Change Detection With Semantic Guidance and Spatial Localization,Sijie Zhao,2023,IEEE TGRS,10.1109/TGRS.2023.3327780,https://arxiv.org/abs/2311.11302,WHU-CD,256x256 non-overlapping; random 7:1:2 split (following DDCNN/FCCDN),WHU other or unstated split,SGSLN/512,90.22,94.86,FCCDN,88.23,93.74,1.99,1.12,change-class,proposed: ok; competitor: ok,no,no (not mentioned),"Table VI, arXiv:2311.11302v1 PDF p.11","Three proposed widths (/128,/256,/512); best recorded. BiT/SNUNet rows are BIT-paper values from a different (6096/762/762) split."
zhao2023vitadapter,ViT adapter (DINO/DINOv2),Adapting Vision Transformer for Efficient Change Detection,Yang Zhao,2023,arXiv preprint,,https://arxiv.org/abs/2312.04869,WHU-CD,256x256 crops 'following ChangeFormer'; split sizes not stated,WHU other or unstated split,DINO-S (adapter-tuned frozen ViT),86.11,92.53,DTC-SCN,84.21,91.43,1.90,1.10,change-class,proposed: ok; competitor: ok,no,no (not mentioned),"Table II, arXiv:2312.04869v1 PDF p.7",WHU competitor rows identical to DDPM-CD Table I (copied). DINOv2-S variant: 85.84 IoU.
chang2024dsfernet,Dsfer-Net,Dsfer-Net: A Deep Supervision and Feature Retrieval Network for Bitemporal Change Detection Using Modern Hopfield Networks,Shizhen Chang,2024,IEEE TGRS,10.1109/TGRS.2024.3424532,https://arxiv.org/abs/2304.01101,WHU-CD,"8,189 256x256 tiles; own 6:1:3 split, 4572/762/2286 (non-standard)",WHU other or unstated split,Dsfer-Net,86.18,92.58,FrNet (re-run),83.77,91.17,2.41,1.41,change-class,proposed: ok; competitor: ok,no,no (not mentioned),"Table I, arXiv:2304.01101v2 PDF p.10",Non-standard WHU split.
chen2024changemamba,ChangeMamba (MambaBCD),ChangeMamba: Remote Sensing Change Detection With Spatiotemporal State Space Model,Hongruixuan Chen,2024,IEEE TGRS,10.1109/TGRS.2024.3417253,https://arxiv.org/abs/2404.03425,WHU-CD,official WHU train/test areas ('we follow the official protocol'); patch size not stated in dataset text,WHU official area-based train/test split,MambaBCD-Base,89.02,94.19,SwinSUNet,87.00,93.04,2.02,1.15,change-class,proposed: ok; competitor: ok,no,no (not mentioned),"Table V, arXiv:2404.03425v7 PDF p.12","Three proposed variants (Tiny/Small/Base IoU 87.49/88.79/89.02); best variant recorded. Uses LEVIR-CD+ (not LEVIR-CD), so no LEVIR-CD row. Area-based official WHU split gives much higher IoUs than the 6096/762/762 crop split."
chen2024srcnet,SRC-Net,SRC-Net: Bitemporal Spatial Relationship Concerned Network for Change Detection,Hongjia Chen,2024,IEEE JSTARS,10.1109/JSTARS.2024.3411622,https://arxiv.org/abs/2406.05668,WHU-CD,256x256 non-overlapping; 5141 train / 2293 'validation' (non-standard),WHU other or unstated split,SRC-Net,85.28,92.06,BAN,82.10,90.17,3.18,1.89,change-class,proposed: ok; competitor: ok,no,no (not mentioned),"Table I, arXiv:2406.05668v2 PDF p.10","Printed as fractions, converted. Non-standard WHU split."
ding2024samcd,SAM-CD,Adapting Segment Anything Model for Change Detection in VHR Remote Sensing Images,Lei Ding,2024,IEEE TGRS,10.1109/TGRS.2024.3368168,https://arxiv.org/abs/2309.01429,WHU-CD,256x256 patches; 6096/762/762,WHU random 256px split 6096/762/762 (BIT),SAM-CD,95.36,97.58,CGNet,94.44,97.07,0.92,0.51,class-mean mIoU/mF1,,no,yes - 8x flip TTA at inference,"Table V, arXiv:2309.01429v4 PDF p.8 ('manuscript under review' version)","METRIC: class-averaged mIoU/mF1 (changed+unchanged), not change-class IoU/F1."
dong2024efficientcd,EfficientCD,EfficientCD: A New Strategy for Change Detection Based With Bi-Temporal Layers Exchanged,Sijun Dong,2024,IEEE TGRS,10.1109/TGRS.2024.3433014,https://arxiv.org/abs/2407.15999,WHU-CD,256x256 non-overlapping; random 6096/762/762,WHU random 256px split 6096/762/762 (BIT),EfficientCD (B5),90.71,95.13,CGNet (retrained),90.41,94.96,0.30,0.17,change-class,proposed: ok; competitor: ok,no,no (not mentioned),"WHUCD table (Table V), arXiv:2407.15999v1 PDF p.9",Competitors retrained on this split (CGNet 90.41 here vs 86.21 in the CGNet paper on the official split).
gan2024rflcdnet,RFL-CDNet,RFL-CDNet: Towards accurate change detection via richer feature learning,Yuhang Gan,2024,Pattern Recognition,10.1016/j.patcog.2024.110515,https://arxiv.org/abs/2404.17765,WHU-CD,"area-based split (train 21,243x15,354 / test 11,265x15,354) cropped to 256x256; 4,980 train / 2,700 test",WHU official area-based train/test split,RFL-CDNet,,91.39,FTN (reproduced),,92.21,,-0.82,change-class (F1 only; no IoU in table),,no,no (not mentioned); model-internal multi-scale prediction ensembling,"Table 3, arXiv:2404.17765v1 PDF p.19",F1-only table. NEGATIVE margin: authors state their method is second on WHU building. All competitors reproduced on the same split. No LEVIR-CD experiment.
ma2024cdmask,CDMaskFormer,Rethinking Remote Sensing Change Detection With A Mask View,Xiaowen Ma,2024,arXiv preprint,,https://arxiv.org/abs/2406.15320,WHU-CD,256x256; random 6096/762/762,WHU random 256px split 6096/762/762 (BIT),CDMaskFormer,84.44,91.56,SARASNet,81.08,89.55,3.36,2.01,change-class,proposed: ok; competitor: ok,yes - Fig. 1 plots median and standard deviation over 5 random seeds; table values are point estimates,no (not mentioned),"Table 2, arXiv:2406.15320v1 PDF p.8","SARASNet WHU row (81.08) differs from the SARAS-Net paper (83.47), which used a 6690/744/744 split."
ma2024ddlnet,DDLNet,DDLNet: Boosting Remote Sensing Change Detection with Dual-Domain Learning,Xiaowen Ma,2024,ICME 2024,10.1109/ICME57554.2024.10688140,https://arxiv.org/abs/2406.13606,WHU-CD,256x256 crops; random 6096/762/762 (following BIT),WHU random 256px split 6096/762/762 (BIT),DDLNet,82.75,90.56,USSFC-Net,79.21,88.40,3.54,2.16,change-class,proposed: ok; competitor: ok,no,no (not mentioned),"Table I, arXiv:2406.13606v1 PDF p.4",
noman2024scratchformer,ScratchFormer,Remote Sensing Change Detection With Transformers Trained From Scratch,Mubashir Noman,2024,IEEE TGRS,10.1109/TGRS.2024.3383800,https://arxiv.org/abs/2304.06710,WHU-CD,256x256 non-overlapping; 5947/743/744,WHU random 256px split 5947/743/744,ScratchFormer,84.97,91.87,TransUNetCD,84.42,93.59,0.55,-1.72,change-class,proposed: ok; competitor: F1 differs by +2.04 from 2*IoU/(1+IoU),no,no (not mentioned); inputs upsampled 256->512 at inference,"Table I, IEEE TGRS vol. 62 (2024) published PDF p.8 (article 4704214)","Competitor TransUNetCD has higher F1 (93.59) but lower IoU; its F1/IoU pair is internally inconsistent (IoU 84.42 implies F1 91.55). BIT row (72.39) comes from the 6096/762/762 split, not 5947/743/744. Numbers corrected on 2026-09-28 to the published TGRS version; the arXiv v1 table (used before) printed LEVIR-CD 84.81/91.78 and WHU-CD 85.46/92.16 for ScratchFormer."
wen2024gcdddpm,GCD-DDPM,GCD-DDPM: A Generative Change Detection Model Based on Difference-Feature-Guided DDPM,Yihan Wen,2024,IEEE TGRS,10.1109/TGRS.2024.3381752,https://arxiv.org/abs/2306.03424,WHU-CD,256x256 non-overlapping crops; random 6096/762/762,WHU random 256px split 6096/762/762 (BIT),GCD-DDPM,86.52,92.54,DDPM-CD,85.84,92.38,0.68,0.16,change-class,proposed: F1 differs by -0.23 from 2*IoU/(1+IoU); competitor: ok,no,no (not mentioned); iterative diffusion sampling at inference,"Table III, arXiv:2306.03424v4 PDF p.9",Proposed F1/IoU pair not internally consistent (IoU 86.52 implies F1 92.78).
zhao2024rsmamba,RS-Mamba (RSM-CD),RS-Mamba for Large Remote Sensing Image Dense Prediction,Sijie Zhao,2024,IEEE TGRS,10.1109/TGRS.2024.3425540,https://arxiv.org/abs/2404.02668,WHU-CD,1024x1024 non-overlapping patches; own 7:1:2 train/val/test split,WHU other or unstated split,RSM-CD,84.96,91.87,DDCNN,84.09,91.36,0.87,0.51,change-class,proposed: ok; competitor: ok,no,no (not mentioned),"Table V, arXiv:2404.02668v2 PDF p.9","Own 1024-px split, but several competitor rows equal the numbers printed in their source papers (e.g. BIT 72.39/83.98 from the 256-crop split), so protocols appear mixed. FC-EF and FC-Siam-Conc rows are identical (78.86/78.64/78.75/64.95)."
bandara2025ddpmcd,DDPM-CD,DDPM-CD: Denoising Diffusion Probabilistic Models as Feature Extractors for Remote Sensing Change Detection,Wele Gedara Chaminda Bandara,2025,WACV 2025,10.1109/WACV61041.2025.00513,https://arxiv.org/abs/2206.11892,WHU-CD,not stated in the WACV paper,WHU other or unstated split,DDPM-CD (IN1k),90.51,94.80,MambaCD-Base,89.02,92.23,1.49,2.57,change-class,"proposed: F1 94.80 implies IoU 90.11, printed 90.51; competitor: F1 92.23 implies IoU 85.58, printed 89.02",no - caption says 'average quantitative results'; no runs/std described,no (not mentioned),"Table 1, WACV 2025 CVF open-access PDF p.7 (published version)","Numbers from the published WACV 2025 version. Its Table 1 has two DDPM-CD rows, IN1k-initialized and GE; the best (IN1k) is recorded, although the main text does not describe that variant. arXiv 2206.11892v3 is a differently titled TGRS-format version with a different Table I that reports only the GE variant. Split not stated in the WACV paper. Re-assigned on 2026-09-28 after the blind re-extraction. WHU competitor chosen by highest IoU (MambaCD-Base), as for every other row."
li2025faewnet,FAEWNet,SAM-Based Building Change Detection With Distribution-Aware Fourier Adaptation and Edge-Constrained Warping,Yun-Cheng Li,2025,IEEE TGRS,10.1109/TGRS.2025.3629110,https://arxiv.org/abs/2504.12619,WHU-CD,256x256 non-overlapping crops 'following Bandara and Patel (2022)'; split sizes not stated,WHU other or unstated split,FAEWNet,90.45,94.99,TTP,89.68,94.56,0.77,0.43,change-class,proposed: ok; competitor: ok,no,no (not mentioned),"Table 3, arXiv:2504.12619v1 PDF p.24",
paranjape2025mcd,M-CD,A Mamba-Based Siamese Network for Remote Sensing Change Detection,Jay N. Paranjape,2025,WACV 2025,10.1109/WACV61041.2025.00123,https://arxiv.org/abs/2407.06839,WHU-CD,256x256; 5947/743/744 ('same preprocessing and data splits as ChangeFormer'),WHU random 256px split 5947/743/744,M-CD,91.1,95.3,CDMamba,88.2,93.7,2.90,1.60,change-class,proposed: ok; competitor: ok,yes - states p-value <= 1e-5 vs all other methods; test and sampling unit not described; no std,no (not mentioned),"Table 1, arXiv:2407.06839v1 PDF p.7","Printed as fractions with 3 decimals (0.911 etc.), converted to %. Several competitor rows (BIT 83.4, DT-SCN 84.2) equal the values in DDPM-CD's table, which does not state its WHU split sizes."
wu2025cdxlstm,CDXLSTM,CDxLSTM: Boosting Remote Sensing Change Detection With Extended Long Short-Term Memory,Zhenkai Wu,2025,IEEE GRSL,10.1109/LGRS.2025.3562480,https://arxiv.org/abs/2411.07863,WHU-CD,not stated in main text (details deferred to supplementary); FLOPs reported at 256x256,WHU other or unstated split,CDXLSTM,86.19,92.58,AFCF3D-Net,85.30,92.07,0.89,0.51,change-class,proposed: ok; competitor: ok,no,no (not mentioned),"Table I, arXiv:2411.07863v3 PDF p.3","Text highlights +2.50 F1 over ChangeMamba, which is not the strongest competitor."
yang2025changetitans,ChangeTitans,ChangeTitans: Toward Remote Sensing Change Detection With Neural Memory,Zhenyu Yang,2025,IEEE TGRS,10.1109/TGRS.2025.3636902,https://arxiv.org/abs/2602.10491,WHU-CD,256x256 patches via sliding-window cropping; split sizes not stated,WHU other or unstated split,ChangeTitans,88.56,94.10,ChangeCLIP,90.08,94.78,-1.52,-0.68,change-class,proposed: F1 differs by +0.17 from 2*IoU/(1+IoU); competitor: ok,no,no (not mentioned),"Table I, arXiv:2602.10491v1 PDF p.7",NEGATIVE margin: table marks ChangeCLIP as 1st on WHU-CD IoU/F1.
zhang2025cdmamba,CDMamba,CDMamba: Incorporating Local Clues Into Mamba for Remote Sensing Image Binary Change Detection,Haotian Zhang,2025,IEEE TGRS,10.1109/TGRS.2025.3545012,https://arxiv.org/abs/2406.04207,WHU-CD,256x256 crops; 6096/762/762 (following BIT),WHU random 256px split 6096/762/762 (BIT),CDMamba,88.26,93.76,RS-Mamba,86.55,92.79,1.71,0.97,change-class,proposed: ok; competitor: ok,no,no (not mentioned),"Table I, arXiv:2406.04207v2 PDF p.7",
zhong2025tunet,T-UNet,T-UNet: triplet UNet for change detection in high-resolution remote sensing images,Huan Zhong,2025,Geo-spatial Information Science,10.1080/10095020.2024.2338224,https://arxiv.org/abs/2308.02356,WHU-CD,"256x256 crops (7,620 pairs); random 8:1:1 split, 6096/762/762",WHU random 256px split 6096/762/762 (BIT),T-UNet,,91.77,SNUNet,,89.38,,2.39,change-class (F1 only; no IoU in table),,no,no (not mentioned),"Table 3, arXiv:2308.02356v1 PDF p.16",F1-only table (no IoU).
cheng2026changedino,ChangeDINO,ChangeDINO: DINOv3-Driven Building Change Detection in Optical Remote Sensing Imagery,Ching-Heng Cheng,2026,ISPRS Annals,10.5194/isprs-annals-xi-3-2026-523-2026,https://arxiv.org/abs/2511.16322,WHU-CD,official partitions tiled to 256x256; 4536/504/2760,WHU official area-based train/test split,ChangeDINO,89.00,94.18,CLAFA,87.80,93.50,1.20,0.68,change-class,proposed: ok; competitor: ok,no,no (not mentioned),"Table 1, arXiv:2511.16322v1 PDF p.5",DINOv3-based model.
dong2026peftcd,PeftCD,PeftCD: Leveraging Vision Foundation Models With Parameter-Efficient Fine-Tuning for Remote Sensing Change Detection,Sijun Dong,2026,IEEE JSTARS,10.1109/JSTARS.2026.3679260,https://arxiv.org/abs/2509.09572,WHU-CD,256x256 non-overlapping tiles; ~6096/762/762,WHU random 256px split 6096/762/762 (BIT),PeftCD (DINOv3+LoRA),92.05,95.86,SAFDNet,90.73,95.14,1.32,0.72,change-class,proposed: ok; competitor: ok,no,no (not mentioned); sliding-window inference,"Table III, arXiv:2509.09572v1 PDF p.6","Text compares against EfficientCD (+1.34), not the strongest row. Frozen-encoder DINOv3 gets 90.97 IoU on WHU-CD (Table IX)."
tong2026semdino,SemDINO,SemDINO: Foundation Prior-Guided Cross-Temporal Semantic Alignment Network for Remote Sensing Change Detection,Xinyu Tong,2026,arXiv preprint,,https://arxiv.org/abs/2606.09772,WHU-CD,official split cropped to 256x256; 4536/504/2760,WHU official area-based train/test split,"SemDINO (frozen DINOv3 + MoFPN, BCD head)",88.89,93.72,ChangeDINO,89.00,94.18,-0.11,-0.46,change-class,proposed: F1 differs by -0.40 from 2*IoU/(1+IoU); competitor: ok,no,no (not mentioned),"Table VI, arXiv:2606.09772v3 PDF p.13","Secondary BCD table in a semantic-CD paper. NEGATIVE margin (-0.11 IoU, -0.46 F1)."
wang2026next2formercd,NeXt2Former-CD,NEXT2FORMER-CD: Efficient Remote Sensing Change Detection with Modern Vision Architectures,Yufan Wang,2026,ICIP 2026,10.1109/ICIP61757.2026.11629935,https://arxiv.org/abs/2602.18717,WHU-CD,M-CD/ChangeFormer released pre-processing and splits (256x256 non-overlapping; 5947/743/744 per M-CD),WHU random 256px split 5947/743/744,NeXt2Former-CD,91.4,95.5,M-CD (re-evaluated released model),91.1,95.4,0.30,0.10,change-class,proposed: ok; competitor: ok,no,no (not mentioned),"Table 1, arXiv:2602.18717v1 PDF p.4","Printed as fractions (0.914), converted. DINOv3-pretrained ConvNeXt encoder (LVD-1689M). Authors re-evaluated M-CD's released weights and report corrected F1 (0.954 vs 0.953 in the M-CD paper)."
wu2026cdlamba,CD-Lamba,CD-Lamba: Boosting Remote Sensing Change Detection via a Cross-Temporal Locally Adaptive State Space Model,Zhenkai Wu,2026,IEEE JSTARS,10.1109/JSTARS.2025.3650075,https://arxiv.org/abs/2501.15455,WHU-CD,256x256; random 6096/762/762 (following BIT),WHU random 256px split 6096/762/762 (BIT),CD-Lamba,86.07,92.51,AFCF3D-Net,85.30,92.07,0.77,0.44,change-class,proposed: ok; competitor: ok,no,no (not mentioned),"Table 2, arXiv:2501.15455v1 PDF p.8",No LEVIR-CD experiment. Competitor rows largely identical to CDXLSTM Table I values.
yang2026changerwkv,ChangeRWKV,Beyond Quadratic: Linear-Time Change Detection with RWKV,Zhenyu Yang,2026,AAAI 2026,10.1609/aaai.v40i14.38167,https://arxiv.org/abs/2603.19606,WHU-CD,256x256 patches via sliding-window cropping; split sizes not stated,WHU other or unstated split,ChangeRWKV-S,90.06,94.77,BiFA,89.34,94.37,0.72,0.40,change-class,proposed: ok; competitor: ok,no,no (not mentioned),"Table 1, arXiv:2603.19606v1 PDF p.4","Several WHU competitor rows (BIT 72.39, SNUNet 71.67) equal values from the 6096/762/762-split papers while others are much higher, suggesting mixed protocols."
zhang2026adadino,AdaDINO,AdaDINO: Pair-Aware In-Backbone Adaptation of Frozen DINO for Efficient Remote Sensing Change Detection,Xu Zhang,2026,arXiv preprint,,https://arxiv.org/abs/2608.07982,WHU-CD,256x256 non-overlapping; 6096/762/762,WHU random 256px split 6096/762/762 (BIT),AdaDINO,91.02,95.30,PeftCD,92.05,95.86,-1.03,-0.56,change-class,proposed: ok; competitor: ok,no,no (explicitly stated),"Table 1, arXiv:2608.07982v1 PDF p.6",NEGATIVE margin: frozen-DINO adapter method is second-best; authors report being within 0.60 F1 of the best method. Competitor rows mix reproductions and values copied from papers with other protocols.
zhu2026changevit,ChangeViT,ChangeViT: Unleashing plain vision transformers for change detection in remote sensing images,Duowang Zhu,2026,Pattern Recognition,10.1016/j.patcog.2025.112539,https://arxiv.org/abs/2406.12847,WHU-CD,256x256 non-overlapping; 5947/744/(744) following ICIFNet,WHU random 256px split 5947/743/744,ChangeViT-S,90.18,94.84,AMTNet,85.64,92.27,4.54,2.57,change-class,proposed: ok; competitor: ok,no,no (not mentioned),"Table I, arXiv:2406.12847v1 PDF p.6","BIT row (72.39) equals the BIT paper's 6096/762/762-split value, so rows likely mix splits."
