image,original_tp,original_fp,original_fn,flip_w_tp,flip_w_fp,flip_w_fn,flip_h_tp,flip_h_fp,flip_h_fn,flip_hw_tp,flip_hw_fp,flip_hw_fn,tta_tp,tta_fp,tta_fn
img1742.png,0,0,0,0,0,0,0,0,0,0,0,0,0,0,0
img322.png,0,0,0,0,0,0,0,0,0,0,0,0,0,0,0
img4040.png,10320,235,260,10384,222,196,10356,237,224,10391,198,189,10383,209,197
img1061.png,16194,137,1088,16076,108,1206,16196,112,1086,16084,84,1198,16172,104,1110
img5205.png,5852,131,107,5820,123,139,5804,96,155,5811,99,148,5824,106,135
img351.png,0,0,0,0,0,0,0,0,0,0,0,0,0,0,0
img2528.png,47161,2848,470,47128,1083,503,47157,1055,474,47117,1044,514,47143,1070,488
img448.png,0,571,0,0,0,0,0,0,0,0,0,0,0,0,0
img1719.png,0,0,0,0,0,0,0,0,0,0,0,0,0,0,0
img6087.png,0,0,0,0,0,0,0,0,0,0,0,0,0,0,0
img6663.png,0,0,0,0,0,0,0,0,0,0,0,0,0,0,0
img6415.png,0,0,0,0,0,0,0,0,0,0,0,0,0,0,0
img6162.png,0,0,0,0,0,0,0,0,0,0,0,0,0,0,0
img5669.png,0,0,0,0,0,0,0,0,0,0,0,0,0,0,0
img2275.png,0,0,0,0,0,0,0,0,0,0,0,0,0,0,0
img4703.png,0,0,0,0,0,0,0,0,0,0,0,0,0,0,0
img2664.png,0,0,0,0,0,0,0,0,0,0,0,0,0,0,0
img6521.png,0,0,0,0,0,0,0,0,0,0,0,0,0,0,0
img3933.png,0,0,0,0,0,0,0,0,0,0,0,0,0,0,0
img3538.png,14963,603,157,14984,568,136,14908,587,212,14938,522,182,14959,550,161
img4833.png,0,0,0,0,0,0,0,0,0,0,0,0,0,0,0
img4070.png,0,0,0,0,0,0,0,0,0,0,0,0,0,0,0
img3491.png,0,0,0,0,0,0,0,0,0,0,0,0,0,0,0
img3250.png,0,0,0,0,0,0,0,0,0,0,0,0,0,0,0
img2033.png,0,0,0,0,0,0,0,0,0,0,0,0,0,0,0
img4622.png,0,0,0,0,0,0,0,0,0,0,0,0,0,0,0
img5049.png,0,0,0,0,0,0,0,0,0,0,0,0,0,0,0
img7084.png,0,0,0,0,0,0,0,0,0,0,0,0,0,0,0
img4115.png,0,0,1341,0,0,1341,0,0,1341,0,0,1341,0,0,1341
img5283.png,0,0,0,0,0,0,0,0,0,0,0,0,0,0,0
img1233.png,0,0,0,0,0,0,0,0,0,0,0,0,0,0,0
img7087.png,27815,12,1889,27868,96,1836,27872,15,1832,27848,26,1856,27861,16,1843
img2500.png,0,0,6,0,0,6,0,14,6,0,328,6,0,0,6
img4610.png,0,0,0,0,0,0,0,0,0,0,0,0,0,0,0
img7321.png,8050,3472,0,8050,3746,0,8029,616,21,8050,1536,0,8050,1391,0
img1987.png,0,0,0,0,0,0,0,0,0,0,0,0,0,0,0
img2105.png,0,0,70,0,0,70,0,0,70,0,0,70,0,0,70
img5817.png,4523,126,18,4516,336,25,4524,73,17,4520,157,21,4525,84,16
img1115.png,3280,130,351,3359,150,272,3284,150,347,3238,142,393,3280,142,351
img5242.png,0,0,0,0,0,0,0,0,0,0,0,0,0,0,0
img7583.png,0,0,0,0,0,0,0,0,0,0,0,0,0,0,0
img2750.png,0,58,0,0,0,0,0,0,0,0,0,0,0,0,0
img7022.png,0,0,0,0,0,0,0,0,0,0,0,0,0,0,0
img3682.png,0,0,0,0,0,0,0,0,0,0,0,0,0,0,0
img6056.png,0,0,0,0,0,0,0,0,0,0,0,0,0,0,0
img2388.png,0,0,0,0,0,0,0,0,0,0,0,0,0,0,0
img4158.png,0,0,0,0,0,0,0,0,0,0,0,0,0,0,0
img368.png,0,0,0,0,0,0,0,0,0,0,0,0,0,0,0
img236.png,65273,19,228,64479,29,1022,64401,30,1100,64982,23,519,64853,24,648
img643.png,0,0,0,0,0,0,0,0,0,0,0,0,0,0,0
img4048.png,16164,367,111,16140,327,135,16105,289,170,16120,260,155,16138,302,137
img1917.png,0,0,0,0,0,0,0,0,0,0,0,0,0,0,0
img4526.png,0,0,0,0,0,0,0,0,0,0,0,0,0,0,0
img4589.png,0,0,0,0,0,0,0,0,0,0,0,0,0,0,0
img6201.png,0,0,0,0,0,0,0,0,0,0,0,0,0,0,0
img283.png,6819,144,632,6727,201,724,6799,125,652,6810,135,641,6789,125,662
img4023.png,23098,364,607,23113,340,592,23010,295,695,23078,283,627,23091,292,614
img1143.png,0,0,0,0,0,0,0,0,0,0,0,0,0,0,0
img1640.png,0,0,0,0,0,0,0,0,0,0,0,0,0,0,0
img5818.png,8226,438,570,8150,382,646,8169,472,627,8124,369,672,8162,376,634
img470.png,0,0,0,0,0,0,0,0,0,0,0,0,0,0,0
img6976.png,0,0,0,0,0,0,0,0,0,0,0,0,0,0,0
img5331.png,5747,100,186,5743,100,190,5793,101,140,5756,97,177,5749,96,184
img2365.png,0,0,0,0,0,0,0,0,0,0,0,0,0,0,0
img298.png,631,261,84,641,425,74,659,258,56,637,391,78,641,384,74
img5625.png,2069,80,62,2066,86,65,2065,82,66,2061,72,70,2067,78,64
img7114.png,0,0,0,0,0,0,0,0,0,0,0,0,0,0,0
img5505.png,0,0,0,0,0,0,0,0,0,0,0,0,0,0,0
img1463.png,0,0,288,0,0,288,93,0,195,0,0,288,0,0,288
img1729.png,0,143,665,0,0,665,0,0,665,0,0,665,0,0,665
img6224.png,0,0,0,0,0,0,0,0,0,0,0,0,0,0,0
img444.png,0,0,27,0,0,27,0,0,27,0,0,27,0,0,27
img5102.png,0,0,0,0,0,0,0,0,0,0,0,0,0,0,0
img7004.png,3671,103,41,3678,110,34,3679,111,33,3473,80,239,3672,99,40
img6548.png,0,0,0,0,0,0,0,0,0,0,0,0,0,0,0
img5259.png,0,0,0,0,0,0,0,0,0,0,0,0,0,0,0
img6265.png,0,0,0,0,0,0,0,0,0,0,0,0,0,0,0
img1410.png,0,0,0,0,0,0,0,0,0,0,0,0,0,0,0
img3661.png,0,0,0,0,0,0,0,0,0,0,0,0,0,0,0
img2678.png,0,0,0,0,0,0,0,0,0,0,0,0,0,0,0
img844.png,0,0,0,0,0,0,0,0,0,0,0,0,0,0,0
img6988.png,0,0,0,0,0,0,0,0,0,0,0,0,0,0,0
img7417.png,98,6,9809,1382,24,8525,0,0,9907,0,0,9907,0,0,9907
img2881.png,37631,346,1,37630,293,2,37632,345,0,37632,295,0,37632,323,0
img3917.png,26251,409,449,26119,364,581,26115,406,585,26175,425,525,26177,366,523
img6461.png,6568,533,100,6580,532,88,6554,515,114,6569,527,99,6575,521,93
img5587.png,1879,827,91,1699,767,271,1895,733,75,1836,727,134,1852,773,118
img149.png,663,0,91,703,0,51,675,1,79,704,5,50,694,0,60
img3205.png,0,0,0,0,0,0,0,0,0,0,0,0,0,0,0
img6871.png,0,0,0,0,0,0,0,0,0,0,0,0,0,0,0
img4455.png,0,0,0,0,0,0,0,0,0,0,0,0,0,0,0
img1847.png,0,0,0,0,0,0,0,0,0,0,0,0,0,0,0
img1794.png,0,0,0,0,0,0,0,0,0,0,0,0,0,0,0
img922.png,0,0,0,0,0,0,0,0,0,0,0,0,0,0,0
img6667.png,0,0,0,0,0,0,0,0,0,0,0,0,0,0,0
img3459.png,0,0,0,0,0,0,0,0,0,0,0,0,0,0,0
img6289.png,0,0,0,0,0,0,0,0,0,0,0,0,0,0,0
img2012.png,0,0,0,0,0,0,0,0,0,0,0,0,0,0,0
img6523.png,0,0,0,0,0,0,0,0,0,0,0,0,0,0,0
img2119.png,0,0,0,0,0,0,0,0,0,0,0,0,0,0,0
img3382.png,777,1,34,790,11,21,780,5,31,785,2,26,783,1,28
img75.png,0,0,0,0,0,0,0,0,0,0,0,0,0,0,0
img5797.png,0,0,0,0,0,0,0,0,0,0,0,0,0,0,0
img295.png,0,0,0,0,0,0,0,0,0,0,0,0,0,0,0
img7564.png,0,0,0,0,0,0,0,0,0,0,0,0,0,0,0
img669.png,0,0,0,0,0,0,0,0,0,0,0,0,0,0,0
img6977.png,0,0,0,0,0,0,0,0,0,0,0,0,0,0,0
img4831.png,0,0,0,0,0,0,0,0,0,0,0,0,0,0,0
img3634.png,0,0,0,0,0,0,0,0,0,0,0,0,0,0,0
img3467.png,0,0,0,0,0,0,0,0,0,0,0,0,0,0,0
img1042.png,0,0,0,0,0,0,0,0,0,0,0,0,0,0,0
img4718.png,0,0,0,0,0,0,0,0,0,0,0,0,0,0,0
img3911.png,18949,477,305,18925,409,329,18900,438,354,18895,363,359,18928,395,326
img6167.png,0,0,0,0,0,0,0,0,0,0,0,0,0,0,0
img7324.png,51033,309,0,51033,311,0,51033,322,0,51033,329,0,51033,316,0
img1204.png,0,0,0,0,0,0,0,0,0,0,0,0,0,0,0
img6444.png,0,0,0,0,0,0,0,0,0,0,0,0,0,0,0
img3.png,1095,10,584,1048,6,631,1083,12,596,1043,1,636,1072,6,607
img2918.png,0,0,0,0,0,0,0,0,0,0,0,0,0,0,0
img6442.png,0,0,0,0,0,0,0,0,0,0,0,0,0,0,0
img303.png,52792,1302,2182,48798,424,6176,54191,1167,783,53744,1670,1230,53275,1099,1699
img6569.png,0,0,0,0,0,0,0,0,0,0,0,0,0,0,0
img6306.png,0,0,0,0,0,0,0,0,0,0,0,0,0,0,0
img5463.png,0,0,0,0,0,0,0,0,0,0,0,0,0,0,0
img3973.png,0,0,0,0,0,0,0,0,0,0,0,0,0,0,0
img5142.png,0,0,0,0,0,0,0,0,0,0,0,0,0,0,0
img7580.png,0,0,0,0,0,0,0,0,0,0,0,0,0,0,0
img2254.png,0,0,0,0,0,0,0,0,0,0,0,0,0,0,0
img2817.png,0,0,0,0,0,0,0,0,0,0,0,0,0,0,0
img2935.png,215,0,1874,1936,21,153,1952,15,137,1996,28,93,1970,12,119
img7568.png,16185,1322,869,16083,848,971,15299,584,1755,15066,1123,1988,15561,931,1493
img1151.png,0,0,0,0,0,0,0,0,0,0,0,0,0,0,0
img2780.png,0,0,0,0,0,0,0,0,0,0,0,0,0,0,0
img944.png,0,0,0,0,0,0,0,0,0,0,0,0,0,0,0
img264.png,0,0,0,0,0,0,0,0,0,0,0,0,0,0,0
img3261.png,13790,396,457,13914,457,333,13702,419,545,13796,413,451,13856,414,391
img501.png,0,0,0,0,0,0,0,0,0,0,0,0,0,0,0
img233.png,0,0,51026,0,0,51026,0,0,51026,0,0,51026,0,0,51026
img0.png,0,0,0,0,0,0,0,0,0,0,0,0,0,0,0
img4945.png,0,0,0,0,0,0,0,0,0,0,0,0,0,0,0
img3801.png,0,0,0,0,0,0,0,0,0,0,0,0,0,0,0
img7140.png,0,0,0,0,0,0,0,0,0,0,0,0,0,0,0
img6355.png,0,0,0,0,0,0,0,0,0,0,0,0,0,0,0
img6991.png,0,0,0,0,0,0,0,0,0,0,0,0,0,0,0
img1922.png,0,0,0,0,0,0,0,0,0,0,0,0,0,0,0
img2758.png,4777,136,81,4777,136,81,4778,103,80,4783,111,75,4782,111,76
img2891.png,0,1666,0,0,0,0,0,0,0,0,0,0,0,0,0
img1277.png,0,0,0,0,0,0,0,0,0,0,0,0,0,0,0
img5641.png,0,0,0,0,0,0,0,0,0,0,0,0,0,0,0
img2790.png,0,0,0,0,0,0,0,0,0,0,0,0,0,0,0
img1934.png,0,0,0,0,0,0,0,0,0,0,0,0,0,0,0
img6602.png,0,0,0,0,0,0,0,0,0,0,0,0,0,0,0
img4100.png,0,0,169,0,0,169,0,0,169,0,0,169,0,0,169
img5675.png,56410,175,5775,56237,185,5948,54606,198,7579,51569,249,10616,55266,196,6919
img6949.png,0,0,0,0,0,0,0,0,0,0,0,0,0,0,0
img6291.png,0,0,0,0,0,0,0,0,0,0,0,0,0,0,0
img4826.png,0,0,0,0,0,0,0,0,0,0,0,0,0,0,0
img3152.png,22669,2396,807,21926,809,1550,22071,1044,1405,22408,2416,1068,22357,1747,1119
img1452.png,0,0,0,0,0,0,0,0,0,0,0,0,0,0,0
img4500.png,0,0,0,0,0,0,0,0,0,0,0,0,0,0,0
img5907.png,0,0,0,0,0,0,0,0,0,0,0,0,0,0,0
img4131.png,0,0,0,0,0,0,0,0,0,0,0,0,0,0,0
img284.png,0,0,0,0,0,0,0,0,0,0,0,0,0,0,0
img7611.png,0,0,0,0,0,0,0,0,0,0,0,0,0,0,0
img2326.png,0,0,0,0,0,0,0,0,0,0,0,0,0,0,0
img4836.png,0,0,0,0,0,0,0,0,0,0,0,0,0,0,0
img6300.png,0,0,0,0,0,0,0,0,0,0,0,0,0,0,0
img3812.png,0,0,0,0,0,0,0,0,0,0,0,0,0,0,0
img2736.png,0,0,0,0,0,0,0,0,0,0,0,0,0,0,0
img2722.png,0,0,0,0,0,0,0,0,0,0,0,0,0,0,0
img2387.png,0,0,0,0,0,0,0,0,0,0,0,0,0,0,0
img4993.png,0,0,0,0,0,0,0,0,0,0,0,0,0,0,0
img4607.png,0,0,1081,0,0,1081,934,3,147,62,0,1019,0,0,1081
img3055.png,0,0,0,0,0,0,0,0,0,0,0,0,0,0,0
img5712.png,0,0,0,0,0,0,0,0,0,0,0,0,0,0,0
img7579.png,0,0,0,0,0,0,0,0,0,0,0,0,0,0,0
img6813.png,0,0,0,0,0,0,0,0,0,0,0,0,0,0,0
img7401.png,0,0,0,0,0,0,0,0,0,0,0,0,0,0,0
img6228.png,0,0,0,0,0,0,0,0,0,0,0,0,0,0,0
img6142.png,0,0,0,0,0,0,0,0,0,0,0,0,0,0,0
img4581.png,0,0,0,0,0,0,0,0,0,0,0,0,0,0,0
img147.png,0,0,0,0,0,0,0,0,0,0,0,0,0,0,0
img1094.png,0,0,0,0,0,0,0,0,0,0,0,0,0,0,0
img3684.png,0,0,0,0,0,0,0,0,0,0,0,0,0,0,0
img690.png,0,0,0,0,0,0,0,0,0,0,0,0,0,0,0
img7434.png,0,0,0,0,0,0,0,0,0,0,0,0,0,0,0
img5020.png,0,0,0,0,0,0,0,0,0,0,0,0,0,0,0
img1871.png,0,0,0,0,0,0,0,0,0,0,0,0,0,0,0
img3040.png,19563,3291,394,19493,1521,464,19455,3196,502,19413,2987,544,19491,3116,466
img5802.png,0,0,0,0,0,0,0,0,0,0,0,0,0,0,0
img2586.png,0,0,0,0,0,0,0,0,0,0,0,0,0,0,0
img5008.png,0,0,0,0,0,0,0,0,0,0,0,0,0,0,0
img1594.png,0,0,0,0,0,0,0,0,0,0,0,0,0,0,0
img3654.png,27651,449,1008,27676,433,983,27598,409,1061,27633,453,1026,27649,419,1010
img5776.png,0,0,4,0,0,4,0,0,4,0,0,4,0,0,4
img1699.png,2521,2,1743,2558,0,1706,2547,0,1717,2472,0,1792,2548,0,1716
img2857.png,0,0,0,0,0,0,0,0,0,0,0,0,0,0,0
img2062.png,7032,104,285,6985,95,332,6931,73,386,6988,103,329,6999,94,318
img6828.png,0,0,0,0,0,0,0,0,0,0,0,0,0,0,0
img3487.png,0,0,0,0,0,0,0,0,0,0,0,0,0,0,0
img182.png,25610,125,233,25549,72,294,25583,70,260,25537,73,306,25564,76,279
img715.png,0,0,0,0,0,0,0,0,0,0,0,0,0,0,0
img3913.png,18325,541,386,18159,378,552,18293,530,418,18298,425,413,18290,427,421
img7163.png,0,0,0,0,0,0,0,0,0,0,0,0,0,0,0
img910.png,0,0,0,0,0,0,0,0,0,0,0,0,0,0,0
img3178.png,0,0,0,0,0,0,0,0,0,0,0,0,0,0,0
img155.png,0,0,0,0,0,0,0,0,0,0,0,0,0,0,0
img4259.png,0,0,0,0,0,0,0,0,0,0,0,0,0,0,0
img3617.png,0,0,0,0,0,0,0,0,0,0,0,0,0,0,0
img2633.png,16087,230,812,16102,279,797,16085,253,814,16184,287,715,16117,257,782
img5556.png,26399,2022,630,26415,1381,614,26369,1401,660,26367,1294,662,26405,1412,624
img3277.png,0,0,0,0,0,0,0,0,0,0,0,0,0,0,0
img1814.png,0,0,0,0,0,0,0,0,0,0,0,0,0,0,0
img2591.png,0,0,0,0,0,0,0,0,0,0,0,0,0,0,0
img6821.png,0,0,0,0,0,0,0,0,0,0,0,0,0,0,0
img6099.png,0,0,0,0,0,0,0,0,0,0,0,0,0,0,0
img2240.png,0,0,0,0,0,0,0,0,0,0,0,0,0,0,0
img790.png,0,0,782,0,0,782,0,0,782,0,0,782,0,0,782
img5615.png,0,0,823,0,0,823,0,0,823,0,0,823,0,0,823
img701.png,0,0,0,0,0,0,0,0,0,0,0,0,0,0,0
img3896.png,22510,646,1078,22476,582,1112,22381,666,1207,22457,664,1131,22459,640,1129
img2932.png,0,0,0,0,0,0,0,0,0,0,0,0,0,0,0
img2571.png,0,0,0,0,0,0,0,0,0,0,0,0,0,0,0
img1879.png,0,0,0,0,0,0,0,0,0,0,0,0,0,0,0
img4117.png,0,0,0,0,0,0,0,0,0,0,0,0,0,0,0
img4384.png,0,0,0,0,0,0,0,0,0,0,0,0,0,0,0
img121.png,0,0,0,0,0,0,0,0,0,0,0,0,0,0,0
img7151.png,0,0,0,0,0,0,0,0,0,0,0,0,0,0,0
img4543.png,18826,528,1279,18972,449,1133,18840,372,1265,18797,367,1308,18847,389,1258
img5134.png,0,0,0,0,0,0,0,0,0,0,0,0,0,0,0
img7587.png,0,0,0,0,0,0,0,0,0,0,0,0,0,0,0
img3696.png,0,0,0,0,0,0,0,0,0,0,0,0,0,0,0
img4433.png,723,0,15,725,0,13,732,5,6,726,2,12,726,1,12
img4868.png,0,0,0,0,0,0,0,0,0,0,0,0,0,0,0
img817.png,0,0,0,0,0,0,0,0,0,0,0,0,0,0,0
img1958.png,0,0,0,0,0,0,0,0,0,0,0,0,0,0,0
img4639.png,0,0,0,0,0,0,0,0,0,0,0,0,0,0,0
img3093.png,0,0,0,0,0,0,0,0,0,0,0,0,0,0,0
img6516.png,0,0,0,0,0,0,0,0,0,0,0,0,0,0,0
img4663.png,30975,1050,807,30967,997,815,30780,664,1002,30852,974,930,30931,890,851
img1281.png,0,0,0,0,0,0,0,0,0,0,0,0,0,0,0
img6307.png,0,0,0,0,0,0,0,0,0,0,0,0,0,0,0
img3329.png,0,0,0,0,0,0,0,0,0,0,0,0,0,0,0
img251.png,0,0,0,0,0,0,0,0,0,0,0,0,0,0,0
img6749.png,0,0,0,0,0,0,0,0,0,0,0,0,0,0,0
img6993.png,0,0,0,0,0,0,0,0,0,0,0,0,0,0,0
img2252.png,0,0,0,0,0,0,0,0,0,0,0,0,0,0,0
img446.png,0,0,0,0,0,0,0,0,0,0,0,0,0,0,0
img4680.png,12487,417,836,12687,363,636,12506,341,817,12636,368,687,12582,356,741
img2725.png,0,0,0,0,0,0,0,0,0,0,0,0,0,0,0
img1302.png,0,0,0,0,0,0,0,0,0,0,0,0,0,0,0
img6324.png,2689,127,145,2712,137,122,2730,164,104,2668,144,166,2701,135,133
img3248.png,0,0,0,0,0,0,0,0,0,0,0,0,0,0,0
img3348.png,0,0,0,0,0,0,0,0,0,0,0,0,0,0,0
img1652.png,0,0,0,0,0,0,0,0,0,0,0,0,0,0,0
img2861.png,0,0,0,0,0,0,0,0,0,0,0,0,0,0,0
img6377.png,0,0,0,0,0,0,0,0,0,0,0,0,0,0,0
img7089.png,0,0,0,0,0,0,0,0,0,0,0,0,0,0,0
img6078.png,0,0,0,0,0,0,0,0,0,0,0,0,0,0,0
img1469.png,0,0,0,0,0,0,0,0,0,0,0,0,0,0,0
img332.png,0,0,0,0,0,0,0,0,0,0,0,0,0,0,0
img6726.png,5354,251,265,5350,327,269,5211,105,408,5463,166,156,5351,182,268
img4516.png,0,0,0,0,0,0,0,0,0,0,0,0,0,0,0
img4299.png,588,0,3339,1333,0,2594,1231,0,2696,510,0,3417,911,0,3016
img5514.png,0,0,0,0,0,0,0,0,0,0,0,0,0,0,0
img2752.png,0,0,8,0,0,8,0,0,8,0,0,8,0,0,8
img3778.png,0,0,0,0,0,0,0,0,0,0,0,0,0,0,0
img1810.png,0,0,0,0,0,0,0,0,0,0,0,0,0,0,0
img7269.png,0,0,0,0,0,0,0,0,0,0,0,0,0,0,0
img7123.png,0,0,0,0,0,0,0,0,0,0,0,0,0,0,0
img5738.png,0,0,0,0,0,0,0,0,0,0,0,0,0,0,0
img7133.png,0,0,0,0,0,0,0,0,0,0,0,0,0,0,0
img1110.png,0,0,0,0,0,0,0,0,0,0,0,0,0,0,0
img2071.png,0,0,0,0,0,0,0,0,0,0,0,0,0,0,0
img3877.png,0,0,0,0,0,0,0,0,0,0,0,0,0,0,0
img591.png,0,0,0,0,0,0,0,0,0,0,0,0,0,0,0
img609.png,0,0,0,0,0,0,0,0,0,0,0,0,0,0,0
img6666.png,0,0,0,0,0,0,0,0,0,0,0,0,0,0,0
img7097.png,0,0,0,0,0,0,0,0,0,0,0,0,0,0,0
img6072.png,0,0,0,0,0,0,0,0,0,0,0,0,0,0,0
img6712.png,12401,498,301,12374,496,328,12342,445,360,12335,425,367,12372,445,330
img4041.png,12757,514,516,12793,486,480,12733,581,540,12753,571,520,12763,520,510
img4144.png,0,0,0,0,0,0,0,0,0,0,0,0,0,0,0
img1913.png,0,0,0,0,0,0,0,0,0,0,0,0,0,0,0
img1448.png,0,0,0,0,0,0,0,0,0,0,0,0,0,0,0
img699.png,0,0,0,0,0,0,0,0,0,0,0,0,0,0,0
img6403.png,0,0,0,0,0,0,0,0,0,0,0,0,0,0,0
img6270.png,0,0,0,0,0,0,0,0,0,0,0,0,0,0,0
img4000.png,0,0,0,0,0,0,0,0,0,0,0,0,0,0,0
img7119.png,0,0,0,0,0,0,0,0,0,0,0,0,0,0,0
img1780.png,0,0,0,0,0,0,0,0,0,0,0,0,0,0,0
img6654.png,0,0,0,0,0,0,0,0,0,0,0,0,0,0,0
img2496.png,0,0,0,0,0,0,0,0,0,0,0,0,0,0,0
img1522.png,0,0,49,0,0,49,0,0,49,0,0,49,0,0,49
img140.png,0,0,0,0,0,0,0,0,0,0,0,0,0,0,0
img4688.png,0,0,0,0,0,0,0,0,0,0,0,0,0,0,0
img3543.png,680,350,3434,687,442,3427,689,99,3425,685,151,3429,688,208,3426
img377.png,0,0,0,0,0,0,0,0,0,0,0,0,0,0,0
img4019.png,0,0,0,0,0,0,0,0,0,0,0,0,0,0,0
img1799.png,0,0,0,0,0,0,0,0,0,0,0,0,0,0,0
img7110.png,0,0,0,0,16893,0,0,0,0,0,0,0,0,0,0
img6093.png,0,0,0,0,0,0,0,0,0,0,0,0,0,0,0
img1866.png,1692,3,562,1701,0,553,1541,0,713,1627,0,627,1647,0,607
img838.png,1977,666,43,1925,311,95,1926,923,94,1902,195,118,1939,322,81
img4706.png,0,0,0,0,0,0,0,0,0,0,0,0,0,0,0
img5982.png,0,0,0,0,0,0,0,0,0,0,0,0,0,0,0
img1310.png,0,0,0,0,0,0,0,0,0,0,0,0,0,0,0
img5662.png,0,0,0,0,0,0,0,0,0,0,0,0,0,0,0
img1868.png,0,0,0,0,0,0,0,0,0,0,0,0,0,0,0
img3023.png,0,0,0,0,0,0,0,0,0,0,0,0,0,0,0
img1553.png,0,0,0,0,0,0,0,0,0,0,0,0,0,0,0
img1771.png,0,0,0,0,0,0,0,51,0,0,0,0,0,0,0
img4923.png,0,0,0,0,0,0,0,0,0,0,0,0,0,0,0
img1451.png,0,0,0,0,0,0,0,0,0,0,0,0,0,0,0
img1562.png,0,0,2113,0,0,2113,0,0,2113,0,0,2113,0,0,2113
img1385.png,0,0,0,0,0,0,0,0,0,0,0,0,0,0,0
img6527.png,0,0,0,0,0,0,0,0,0,0,0,0,0,0,0
img1337.png,0,0,0,0,0,0,0,0,0,0,0,0,0,0,0
img5834.png,0,0,0,0,0,0,0,0,0,0,0,0,0,0,0
img7105.png,129,0,5160,0,0,5289,1,0,5288,2444,0,2845,44,0,5245
img2634.png,0,0,0,0,0,0,0,0,0,0,0,0,0,0,0
img2291.png,0,0,0,0,0,0,0,0,0,0,0,0,0,0,0
img4327.png,0,0,0,0,0,0,0,0,0,0,0,0,0,0,0
img5299.png,2949,127,193,2969,42,173,2520,159,622,3016,65,126,2947,60,195
img93.png,0,30,0,0,0,0,0,0,0,0,0,0,0,0,0
img3003.png,18463,3254,237,18447,5179,253,18372,3140,328,18386,5321,314,18436,3309,264
img5688.png,0,0,0,0,0,0,0,0,0,0,0,0,0,0,0
img7576.png,739,67,62,725,41,76,746,53,55,727,47,74,736,51,65
img1225.png,0,0,0,0,0,0,0,0,0,0,0,0,0,0,0
img3169.png,7431,422,43,7430,422,44,7442,480,32,7451,452,23,7440,431,34
img7253.png,0,0,0,0,0,0,0,0,0,0,0,0,0,0,0
img2941.png,0,0,0,0,0,0,0,0,0,0,0,0,0,0,0
img1802.png,2786,206,66,2791,122,61,2765,70,87,2780,80,72,2789,95,63
img4298.png,0,0,0,0,0,0,0,0,0,0,0,0,0,0,0
img6732.png,0,0,0,0,0,0,0,0,0,0,0,0,0,0,0
img2121.png,0,0,0,0,0,0,0,0,0,0,0,0,0,0,0
img2370.png,0,0,0,0,0,0,0,0,0,0,0,0,0,0,0
img2973.png,0,0,0,0,0,0,0,0,0,0,0,0,0,0,0
img7015.png,0,0,0,0,0,0,0,0,0,0,0,0,0,0,0
img4758.png,0,0,0,0,0,0,0,0,0,0,0,0,0,0,0
img7072.png,35684,85,778,35582,61,880,33647,59,2815,34049,65,2413,35467,59,995
img5915.png,0,0,0,0,0,0,0,0,0,0,0,0,0,0,0
img6785.png,0,0,0,0,0,0,0,0,0,0,0,0,0,0,0
img6707.png,0,0,0,0,0,0,0,0,0,0,0,0,0,0,0
img6435.png,0,0,0,0,0,0,0,0,0,0,0,0,0,0,0
img2219.png,0,0,0,0,0,0,0,0,0,0,0,0,0,0,0
img987.png,713,12,123,806,55,30,683,26,153,805,27,31,767,27,69
img4205.png,0,0,0,0,0,0,0,0,0,0,0,0,0,0,0
img5025.png,0,0,0,0,0,0,0,0,0,0,0,0,0,0,0
img6612.png,10707,1035,254,10701,1004,260,10641,949,320,10687,984,274,10687,984,274
img2164.png,0,0,0,0,0,0,0,0,0,0,0,0,0,0,0
img1077.png,0,0,0,0,0,0,0,0,0,0,0,0,0,0,0
img196.png,0,0,0,0,0,0,0,0,0,0,0,0,0,0,0
img3024.png,0,0,0,0,0,0,0,0,0,0,0,0,0,0,0
img311.png,10771,2107,1284,10338,1869,1717,10383,2768,1672,10881,812,1174,10587,783,1468
img1574.png,0,0,21,0,0,21,0,0,21,0,0,21,0,0,21
img6365.png,17586,750,131,17560,702,157,17544,429,173,17563,531,154,17571,536,146
img258.png,0,0,0,0,0,0,0,0,0,0,0,0,0,0,0
img4531.png,21613,801,404,21502,716,515,21160,526,857,21491,543,526,21506,582,511
img4865.png,0,0,0,0,0,0,0,0,0,0,0,0,0,0,0
img1090.png,0,0,0,0,0,0,0,0,0,0,0,0,0,0,0
img1549.png,0,0,0,0,0,0,0,0,0,0,0,0,0,0,0
img7298.png,0,0,0,0,0,0,0,0,0,0,0,0,0,0,0
img5341.png,0,0,0,0,0,0,0,0,0,0,0,0,0,0,0
img5197.png,0,0,0,0,0,0,0,0,0,0,0,0,0,0,0
img6299.png,0,0,0,0,0,0,0,0,0,0,0,0,0,0,0
img3848.png,0,0,0,0,0,0,0,0,0,0,0,0,0,0,0
img1132.png,0,0,0,0,0,0,0,0,0,0,0,0,0,0,0
img4744.png,3028,24,74,2991,56,111,2959,4,143,3000,75,102,3009,24,93
img777.png,0,0,0,0,0,0,0,0,0,0,0,0,0,0,0
img6530.png,0,0,0,0,0,0,0,0,0,0,0,0,0,0,0
img6863.png,0,0,0,0,0,0,0,0,0,0,0,0,0,0,0
img7607.png,0,0,0,0,0,0,0,0,0,0,0,0,0,0,0
img3665.png,26862,1003,1046,26873,1017,1035,26934,1020,974,26885,942,1023,26883,989,1025
img7209.png,0,0,0,0,0,0,0,0,0,0,0,0,0,0,0
img1568.png,0,0,0,0,0,0,0,0,0,0,0,0,0,0,0
img752.png,0,0,0,0,0,0,0,0,0,0,0,0,0,0,0
img4290.png,0,0,0,0,0,0,0,0,0,0,0,0,0,0,0
img7534.png,0,0,0,0,0,0,0,0,0,0,0,0,0,0,0
img310.png,0,0,0,0,0,0,0,0,0,0,0,0,0,0,0
img6835.png,0,0,0,0,0,0,0,0,0,0,0,0,0,0,0
img3716.png,0,0,0,0,0,0,0,0,0,0,0,0,0,0,0
img1832.png,0,0,0,0,0,0,0,0,0,0,0,0,0,0,0
img524.png,0,0,0,0,0,0,0,0,0,0,0,0,0,0,0
img713.png,0,0,0,0,0,0,0,0,0,0,0,0,0,0,0
img1108.png,0,0,0,0,0,0,0,0,0,0,0,0,0,0,0
img3526.png,16069,458,259,15854,367,474,15909,388,419,15907,370,421,15942,387,386
img676.png,0,0,0,0,0,0,0,0,0,0,0,0,0,0,0
img1168.png,0,0,0,0,0,0,0,0,0,0,0,0,0,0,0
img3071.png,0,0,0,0,0,0,0,0,0,0,0,0,0,0,0
img6337.png,0,165,0,0,207,0,0,75,0,0,183,0,0,179,0
img2236.png,0,0,0,0,0,0,0,0,0,0,0,0,0,0,0
img7053.png,0,0,682,0,0,682,0,0,682,0,0,682,0,0,682
img827.png,0,0,0,0,0,0,0,0,0,0,0,0,0,0,0
img5533.png,0,0,0,0,0,0,0,0,0,0,0,0,0,0,0
img7372.png,0,0,2180,0,0,2180,0,0,2180,0,0,2180,0,0,2180
img4495.png,0,0,0,0,0,0,0,0,0,0,0,0,0,0,0
img1513.png,0,0,0,0,0,0,0,0,0,0,0,0,0,0,0
img1131.png,1127,292,69,1157,214,39,1105,1,91,0,0,1196,1113,0,83
img577.png,0,0,0,0,0,0,0,0,0,0,0,0,0,0,0
img7052.png,0,1154,0,0,416,0,0,0,0,0,0,0,0,0,0
img3826.png,0,0,0,0,0,0,0,0,0,0,0,0,0,0,0
img5781.png,0,0,0,0,0,0,0,0,0,0,0,0,0,0,0
img6793.png,0,0,0,0,0,0,0,0,0,0,0,0,0,0,0
img5845.png,0,0,0,0,0,0,0,0,0,0,0,0,0,0,0
img830.png,0,0,0,0,0,0,0,0,0,0,0,0,0,0,0
img560.png,0,0,0,0,0,0,0,0,0,0,0,0,0,0,0
img3603.png,0,0,0,0,0,0,0,0,0,0,0,0,0,0,0
img2694.png,0,0,0,0,0,0,0,0,0,0,0,0,0,0,0
img3331.png,0,0,0,0,0,0,0,0,0,0,0,0,0,0,0
img4850.png,0,0,0,0,0,0,0,0,0,0,0,0,0,0,0
img4438.png,0,0,0,0,0,0,0,0,0,0,0,0,0,0,0
img3593.png,0,0,0,0,0,0,0,0,0,0,0,0,0,0,0
img1057.png,0,0,0,0,0,0,0,0,0,0,0,0,0,0,0
img2692.png,0,0,0,0,0,0,0,0,0,0,0,0,0,0,0
img3159.png,6586,160,31,6582,145,35,6587,143,30,6587,141,30,6588,144,29
img2971.png,1401,32,6998,1408,38,6991,1384,30,7015,1396,24,7003,1396,32,7003
img7251.png,0,0,0,0,0,0,0,0,0,0,0,0,0,0,0
img5340.png,0,0,0,0,0,0,0,0,0,0,0,0,0,0,0
img1039.png,13406,1,446,13392,6,460,13468,6,384,13418,12,434,13414,2,438
img1069.png,0,0,0,0,0,0,0,0,0,0,0,0,0,0,0
img4153.png,17733,387,272,17752,392,253,17718,301,287,17728,318,277,17738,336,267
img6431.png,0,0,0,0,0,0,0,0,0,0,0,0,0,0,0
img1432.png,0,0,0,0,0,0,0,0,0,0,0,0,0,0,0
img6795.png,0,0,0,0,0,0,0,0,0,0,0,0,0,0,0
img898.png,0,0,248,214,21,34,211,21,37,77,0,171,173,2,75
img6241.png,594,17,24,590,25,28,594,15,24,584,22,34,590,18,28
img4313.png,0,0,0,0,0,0,0,0,0,0,0,0,0,0,0
img5975.png,0,0,0,0,0,0,0,0,0,0,0,0,0,0,0
img6127.png,0,0,0,0,0,0,0,0,0,0,0,0,0,0,0
img3021.png,0,0,0,0,0,0,0,0,0,0,0,0,0,0,0
img3717.png,0,0,0,0,0,0,0,0,0,0,0,0,0,0,0
img2085.png,0,0,0,0,0,0,0,0,0,0,0,0,0,0,0
img6410.png,0,0,0,0,0,0,0,0,0,0,0,0,0,0,0
img3818.png,0,0,0,0,0,0,0,0,0,0,0,0,0,0,0
img2961.png,4594,21,3281,4578,17,3297,709,0,7166,0,0,7875,3938,0,3937
img3781.png,3120,155,50,3118,140,52,3127,123,43,3121,123,49,3121,129,49
img3948.png,0,0,0,0,0,0,0,0,0,0,0,0,0,0,0
img1727.png,0,0,0,0,0,0,0,0,0,0,0,0,0,0,0
img5427.png,6056,44,391,6082,2696,365,6036,5996,411,6024,4289,423,6048,1664,399
img4348.png,1767,21,5324,1134,5,5957,2400,104,4691,1773,14,5318,1601,12,5490
img2466.png,0,0,0,0,0,0,0,0,0,0,0,0,0,0,0
img6930.png,0,0,0,0,0,0,0,0,0,0,0,0,0,0,0
img3647.png,16731,406,263,16671,341,323,16701,367,293,16699,396,295,16714,368,280
img4987.png,1577,278,12,1571,303,18,1582,335,7,1573,305,16,1576,299,13
img7578.png,0,0,0,0,0,0,0,0,0,0,0,0,0,0,0
img3846.png,0,0,0,0,0,0,0,0,0,0,0,0,0,0,0
img6668.png,0,0,0,0,0,0,0,0,0,0,0,0,0,0,0
img5992.png,0,0,0,0,0,0,0,0,0,0,0,0,0,0,0
img218.png,0,0,0,0,0,0,0,0,0,0,0,0,0,0,0
img6970.png,0,0,0,0,0,0,0,0,0,0,0,0,0,0,0
img6002.png,0,0,0,0,0,0,0,0,0,0,0,0,0,0,0
img570.png,0,0,0,0,0,0,0,0,0,0,0,0,0,0,0
img2800.png,10338,61,161,10375,59,124,10319,69,180,10317,65,182,10336,60,163
img2471.png,0,0,0,0,0,0,0,0,0,0,0,0,0,0,0
img6611.png,17213,1134,844,16781,892,1276,17136,441,921,16878,493,1179,17160,649,897
img5193.png,0,0,0,0,0,0,0,0,0,0,0,0,0,0,0
img3856.png,0,0,0,0,0,0,0,0,0,0,0,0,0,0,0
img225.png,0,0,1,0,0,1,0,0,1,0,0,1,0,0,1
img1217.png,4433,256,11,4414,113,30,4428,146,16,4426,124,18,4426,140,18
img2641.png,0,0,0,0,0,0,0,0,0,0,0,0,0,0,0
img1499.png,0,0,0,0,0,0,0,0,0,0,0,0,0,0,0
img2419.png,4824,346,252,4812,479,264,4804,146,272,4753,22,323,4806,191,270
img1073.png,0,0,0,0,0,0,0,7,0,0,0,0,0,0,0
img4127.png,0,0,0,0,0,0,0,0,0,0,0,0,0,0,0
img6962.png,0,0,0,0,0,0,0,0,0,0,0,0,0,0,0
img4561.png,0,0,0,0,0,0,0,0,0,0,0,0,0,0,0
img7182.png,0,0,0,0,0,0,0,0,0,0,0,0,0,0,0
img5454.png,13083,273,225,12980,285,328,12901,238,407,12952,228,356,12979,231,329
img2427.png,0,0,0,0,0,0,0,0,0,0,0,0,0,0,0
img4654.png,0,0,0,0,0,0,0,0,0,0,0,0,0,0,0
img5856.png,0,0,85,0,0,85,0,0,85,0,0,85,0,0,85
img2553.png,0,0,0,0,0,0,0,0,0,0,90,0,0,0,0
img7590.png,0,0,0,0,0,0,0,0,0,0,0,0,0,0,0
img7134.png,0,0,0,0,0,0,0,0,0,0,0,0,0,0,0
img2905.png,11,0,2189,0,0,2200,142,0,2058,0,0,2200,0,0,2200
img3281.png,13949,0,859,13890,0,918,13951,0,857,13919,0,889,13948,0,860
img3511.png,24000,622,507,23738,693,769,23999,522,508,23908,562,599,24012,570,495
img2577.png,0,0,0,0,0,0,0,0,0,0,0,0,0,0,0
img2806.png,0,0,752,0,0,752,0,0,752,0,0,752,0,0,752
img553.png,0,0,0,0,0,0,0,0,0,0,0,0,0,0,0
img5108.png,0,0,0,0,0,0,0,0,0,0,0,0,0,0,0
img681.png,0,0,0,0,0,0,0,0,0,0,0,0,0,0,0
img650.png,0,0,0,0,0,0,0,0,0,0,0,0,0,0,0
img5295.png,7610,616,257,7614,665,253,7596,345,271,7615,562,252,7606,575,261
img1998.png,0,0,0,0,0,0,0,0,0,0,0,0,0,0,0
img6047.png,0,0,0,0,0,0,0,0,0,0,0,0,0,0,0
img4192.png,0,995,805,0,811,805,0,945,805,0,134,805,0,935,805
img5951.png,0,0,0,0,0,0,0,0,0,0,0,0,0,0,0
img2368.png,0,0,0,0,0,0,0,0,0,0,0,0,0,0,0
img1655.png,0,0,1427,0,0,1427,0,0,1427,0,0,1427,0,0,1427
img5409.png,0,0,0,0,0,0,0,0,0,0,0,0,0,0,0
img4805.png,8855,229,126,8837,176,144,8849,224,132,8883,177,98,8853,182,128
img1032.png,0,0,0,0,0,0,0,0,0,0,0,0,0,0,0
img271.png,0,0,0,0,0,0,0,0,0,0,0,0,0,0,0
img6384.png,23772,134,188,23853,222,107,23773,180,187,23782,198,178,23794,155,166
img4114.png,0,0,0,0,0,0,0,0,0,0,0,0,0,0,0
img3849.png,0,0,0,0,0,0,0,0,0,0,0,0,0,0,0
img383.png,0,0,0,0,0,0,0,0,0,0,0,0,0,0,0
img4221.png,5138,58,18,5149,89,7,5133,41,23,5150,73,6,5147,65,9
img67.png,0,0,0,0,0,0,0,0,0,0,0,0,0,0,0
img3756.png,0,0,0,0,0,0,0,0,0,0,0,0,0,0,0
img1886.png,4366,70,409,4440,215,335,4359,99,416,4349,331,426,4375,156,400
img1193.png,3458,39,110,3485,37,83,3477,32,91,3451,31,117,3470,33,98
img6540.png,0,0,0,0,0,0,0,0,0,0,0,0,0,0,0
img760.png,0,0,0,0,0,0,0,0,0,0,0,0,0,0,0
img7537.png,45691,152,3567,45665,159,3593,45634,153,3624,45726,167,3532,45672,157,3586
img4649.png,0,0,0,0,0,0,0,0,0,0,0,0,0,0,0
img6223.png,0,0,0,0,0,0,0,0,0,0,0,0,0,0,0
img5639.png,0,0,0,0,0,0,0,0,0,0,0,0,0,0,0
img1291.png,0,0,0,0,0,0,0,0,0,0,0,0,0,0,0
img4812.png,0,0,0,0,0,0,0,0,0,0,0,0,0,0,0
img223.png,0,0,694,0,0,694,0,0,694,0,0,694,0,0,694
img6647.png,0,0,0,0,0,0,0,0,0,0,0,0,0,0,0
img5961.png,0,0,0,0,0,0,0,0,0,0,0,0,0,0,0
img3624.png,0,0,0,0,0,0,0,0,0,0,0,0,0,0,0
img756.png,0,0,597,0,0,597,0,0,597,0,0,597,0,0,597
img5158.png,0,0,0,0,0,0,0,0,0,0,0,0,0,0,0
img2002.png,0,0,0,0,0,0,0,0,0,0,0,0,0,0,0
img5672.png,10826,34,150,10848,48,128,10812,47,164,10796,102,180,10812,55,164
img443.png,0,0,0,0,0,0,0,0,0,0,0,0,0,0,0
img3578.png,0,0,0,0,0,0,0,0,0,0,0,0,0,0,0
img1781.png,0,0,4366,747,24,3619,41,0,4325,711,19,3655,169,3,4197
img4742.png,0,0,3763,0,0,3763,0,0,3763,0,0,3763,0,0,3763
img7591.png,0,0,0,0,0,0,0,0,0,0,0,0,0,0,0
img2093.png,0,0,0,0,0,0,0,0,0,0,0,0,0,0,0
img615.png,0,82,0,0,0,0,0,0,0,0,0,0,0,0,0
img7377.png,0,0,1249,4,0,1245,0,0,1249,0,0,1249,0,0,1249
img291.png,0,0,0,0,0,0,0,0,0,0,0,0,0,0,0
img4457.png,0,0,0,0,0,0,0,0,0,0,0,0,0,0,0
img685.png,0,0,0,0,0,0,0,0,0,0,0,0,0,0,0
img6471.png,0,0,31,0,0,31,0,0,31,0,0,31,0,0,31
img2982.png,44422,55,10541,37359,40,17604,37094,106,17869,41576,198,13387,39916,78,15047
img4439.png,0,0,0,0,0,0,0,0,0,0,0,0,0,0,0
img6730.png,0,0,0,0,0,0,0,0,0,0,0,0,0,0,0
img4928.png,15368,436,171,15382,446,157,15312,365,227,15337,399,202,15374,395,165
img2761.png,1102,0,122,1102,0,122,1033,0,191,1090,0,134,1088,0,136
img4767.png,0,0,0,0,0,0,0,0,0,0,0,0,0,0,0
img4686.png,0,0,0,0,0,0,0,0,0,0,0,0,0,0,0
img974.png,0,0,0,0,0,0,0,0,0,0,0,0,0,0,0
img7067.png,24676,96,314,24706,110,284,24671,102,319,24711,109,279,24677,100,313
img3255.png,17719,227,405,17764,250,360,17677,253,447,17762,281,362,17743,217,381
img4853.png,0,0,0,0,0,0,0,0,0,0,0,0,0,0,0
img3811.png,0,0,0,0,0,0,0,0,0,0,0,0,0,0,0
img782.png,0,0,0,0,0,0,0,0,0,0,0,0,0,0,0
img512.png,1679,298,785,2305,192,159,836,658,1628,1611,247,853,1673,73,791
img535.png,0,0,0,0,0,0,0,0,0,0,0,0,0,0,0
img5474.png,0,0,0,0,0,0,0,0,0,0,0,0,0,0,0
img4319.png,0,0,0,0,0,0,0,0,0,0,0,0,0,0,0
img263.png,0,0,0,0,0,0,0,0,0,0,0,0,0,0,0
img3125.png,0,0,0,0,0,0,0,0,0,0,0,0,0,0,0
img5772.png,0,0,0,0,0,0,0,0,0,0,0,0,0,0,0
img6551.png,0,0,0,0,0,0,0,0,0,0,0,0,0,0,0
img5704.png,0,0,0,0,0,0,0,0,0,0,0,0,0,0,0
img3376.png,0,0,0,0,0,0,0,0,0,0,0,0,0,0,0
img5016.png,0,0,0,0,0,0,0,0,0,0,0,0,0,0,0
img6352.png,0,0,0,0,0,0,0,0,0,0,0,0,0,0,0
img124.png,0,0,0,0,0,0,0,0,0,0,0,0,0,0,0
img317.png,0,0,0,0,0,0,0,0,0,0,0,0,0,0,0
img2512.png,0,0,0,0,0,0,0,0,0,0,0,0,0,0,0
img799.png,0,0,0,0,0,0,0,0,0,0,0,0,0,0,0
img4191.png,0,0,0,0,0,0,0,0,0,0,0,0,0,0,0
img2981.png,795,22,368,1058,21,105,189,0,974,53,1,1110,499,10,664
img5487.png,0,0,0,0,0,0,0,0,0,0,0,0,0,0,0
img4970.png,0,0,0,0,0,0,0,0,0,0,0,0,0,0,0
img6419.png,0,0,0,0,0,0,0,0,0,0,0,0,0,0,0
img551.png,0,0,0,0,0,0,0,0,0,0,0,0,0,0,0
img5110.png,0,0,0,0,0,0,0,0,0,0,0,0,0,0,0
img645.png,2818,21,1429,2917,28,1330,2960,36,1287,2710,14,1537,2874,24,1373
img307.png,0,0,0,0,0,0,0,0,0,0,0,0,0,0,0
img5133.png,0,0,0,0,0,0,0,0,0,0,0,0,0,0,0
img4230.png,0,0,0,0,0,0,0,0,0,0,0,0,0,0,0
img6190.png,0,0,0,0,0,0,0,0,0,0,0,0,0,0,0
img6096.png,0,0,0,0,0,0,0,0,0,0,0,0,0,0,0
img2875.png,0,0,0,0,0,0,0,237,0,0,0,0,0,0,0
img7059.png,0,0,0,0,0,0,0,0,0,0,0,0,0,0,0
img3211.png,0,0,0,0,0,0,0,0,0,0,0,0,0,0,0
img4602.png,0,0,0,0,0,0,0,0,0,0,0,0,0,0,0
img6480.png,0,0,0,0,0,0,0,0,0,0,0,0,0,0,0
img6657.png,0,0,0,0,0,0,0,0,0,0,0,0,0,0,0
img143.png,0,0,0,0,0,0,0,0,0,0,0,0,0,0,0
img7351.png,0,0,0,0,0,0,0,0,0,0,0,0,0,0,0
img6095.png,0,0,1591,0,0,1591,366,0,1225,24,0,1567,0,0,1591
img7186.png,0,0,0,0,0,0,0,0,0,0,0,0,0,0,0
img4645.png,20669,420,86,20683,324,72,19003,204,1752,15328,105,5427,20526,234,229
img6872.png,0,0,0,0,0,0,0,0,0,0,0,0,0,0,0
img2898.png,0,17,1363,0,2057,1363,0,0,1363,0,0,1363,0,0,1363
img959.png,0,0,0,0,0,0,0,0,0,0,0,0,0,0,0
img5838.png,16484,310,186,16516,393,154,16387,308,283,16452,326,218,16486,292,184
img825.png,0,0,0,0,0,0,0,0,0,0,0,0,0,0,0
img2413.png,1085,0,820,1640,0,265,1386,0,519,367,0,1538,1330,0,575
img973.png,0,0,0,0,0,0,0,0,0,0,0,0,0,0,0
img6579.png,0,0,0,0,0,0,0,0,0,0,0,0,0,0,0
img1885.png,0,0,0,0,0,0,0,0,0,0,0,0,0,0,0
img6638.png,14271,155,0,14271,190,0,14271,219,0,14271,256,0,14271,205,0
img5000.png,0,1442,156,0,363,156,0,0,156,0,0,156,0,0,156
img5751.png,0,0,525,0,0,525,0,0,525,0,0,525,0,0,525
img2789.png,0,0,0,0,0,0,0,0,0,0,0,0,0,0,0
img4995.png,1790,23,2112,999,0,2903,895,0,3007,1588,14,2314,1440,5,2462
img4569.png,0,0,0,0,0,0,0,0,0,0,0,0,0,0,0
img2363.png,0,0,0,0,0,0,0,0,0,0,0,0,0,0,0
img2333.png,0,0,0,0,0,0,0,0,0,0,0,0,0,0,0
img6592.png,494,4,56,494,0,56,480,2,70,504,3,46,494,1,56
img4870.png,0,0,0,0,0,0,0,0,0,0,0,0,0,0,0
img5014.png,0,0,0,0,0,0,0,0,0,0,0,0,0,0,0
img3914.png,29152,713,661,29100,678,713,28967,633,846,29101,755,712,29144,662,669
img2630.png,7702,600,268,7744,593,226,7662,414,308,7698,513,272,7712,540,258
img3287.png,9672,351,8086,15442,654,2316,10706,467,7052,10671,381,7087,10626,397,7132
img6109.png,0,0,0,0,0,0,0,0,0,0,0,0,0,0,0
img1911.png,0,0,0,0,0,0,0,0,0,0,0,0,0,0,0
img3788.png,0,0,0,0,0,0,0,0,0,0,0,0,0,0,0
img1976.png,60,0,75,129,14,6,127,9,8,130,22,5,128,10,7
img1305.png,0,0,0,0,0,0,0,0,0,0,0,0,0,0,0
img2811.png,0,0,0,0,0,0,0,0,0,0,0,0,0,0,0
img1629.png,0,0,0,0,0,0,0,0,0,0,0,0,0,0,0
img3516.png,25205,341,657,25321,372,541,25160,343,702,25146,310,716,25235,309,627
img1768.png,0,0,706,0,0,706,0,0,706,0,0,706,0,0,706
img3536.png,426,9,20,427,8,19,426,9,20,425,7,21,427,8,19
img7017.png,0,0,0,0,0,0,0,0,0,0,0,0,0,0,0
img4839.png,0,0,0,0,0,0,0,0,0,0,0,0,0,0,0
img2132.png,0,0,0,0,0,0,0,0,0,0,0,0,0,0,0
img1779.png,0,0,0,0,0,0,0,0,0,0,0,0,0,0,0
img2992.png,0,724,0,0,1013,0,0,650,0,0,1223,0,0,971,0
img4791.png,9142,292,195,9152,478,185,9103,149,234,9109,196,228,9134,247,203
img2637.png,25758,810,402,25760,828,400,25266,635,894,25422,668,738,25624,699,536
img7238.png,0,0,0,0,0,0,0,0,0,0,0,0,0,0,0
img3090.png,0,0,0,0,0,0,0,0,0,0,0,0,0,0,0
img4044.png,15951,358,179,15809,328,321,15866,311,264,15756,263,374,15863,295,267
img219.png,582,12,513,564,8,531,607,14,488,565,7,530,577,11,518
img3244.png,0,0,0,0,0,0,0,0,0,0,0,0,0,0,0
img6284.png,0,0,375,0,0,375,0,0,375,0,0,375,0,0,375
img3639.png,0,0,0,0,0,0,0,0,0,0,0,0,0,0,0
img3186.png,0,0,0,0,0,0,0,0,0,0,0,0,0,0,0
img647.png,0,0,0,0,0,0,0,0,0,0,0,0,0,0,0
img3599.png,8263,141,8350,12791,642,3822,0,0,16613,0,0,16613,456,0,16157
img2026.png,1147,152,1022,1098,145,1071,1119,59,1050,197,0,1972,1118,97,1051
img5607.png,0,0,0,0,0,0,0,0,0,0,0,0,0,0,0
img2206.png,0,0,0,0,0,0,0,0,0,0,0,0,0,0,0
img6020.png,0,0,0,0,0,0,0,0,0,0,0,0,0,0,0
img4209.png,0,0,0,0,0,0,0,0,0,0,0,0,0,0,0
img3162.png,323,28,1,321,13,3,322,18,2,319,20,5,323,14,1
img7240.png,0,0,0,0,0,0,0,0,0,0,0,0,0,0,0
img407.png,0,0,0,0,0,0,0,0,0,0,0,0,0,0,0
img2185.png,0,0,0,0,0,0,0,0,0,0,0,0,0,0,0
img173.png,0,0,7373,0,0,7373,0,0,7373,0,0,7373,0,0,7373
img7274.png,0,0,0,0,0,0,0,0,0,0,0,0,0,0,0
img3195.png,0,0,0,0,0,0,0,0,0,0,0,0,0,0,0
img4653.png,0,0,0,0,0,0,0,0,0,0,0,0,0,0,0
img5194.png,0,0,0,0,0,0,0,0,0,0,0,0,0,0,0
img5206.png,0,0,0,0,0,0,0,0,0,0,0,0,0,0,0
img6242.png,0,0,0,0,0,0,0,0,0,0,0,0,0,0,0
img5652.png,0,0,249,0,0,249,0,0,249,0,0,249,0,0,249
img2198.png,1020,1380,128,1062,1287,86,792,1102,356,1074,1168,74,1035,1271,113
img4475.png,532,21,19,497,7,54,384,0,167,470,0,81,491,0,60
img3340.png,5521,76,2007,5492,61,2036,5975,136,1553,5851,84,1677,5789,72,1739
img986.png,0,0,0,0,0,0,0,0,0,0,0,0,0,0,0
img104.png,0,0,0,0,0,0,0,0,0,0,0,0,0,0,0
img2718.png,0,0,0,0,0,0,0,0,0,0,0,0,0,0,0
img4493.png,0,0,5470,0,0,5470,0,0,5470,0,0,5470,0,0,5470
img5983.png,17542,372,1076,17525,328,1093,17253,256,1365,17399,246,1219,17467,277,1151
img880.png,0,0,0,0,0,0,0,0,0,0,0,0,0,0,0
img4880.png,18513,2,2778,18579,2,2712,18372,3,2919,18470,1,2821,18495,1,2796
img4479.png,0,0,0,0,0,0,0,0,0,0,0,0,0,0,0
img7249.png,0,0,0,0,0,0,0,0,0,0,0,0,0,0,0
img632.png,0,0,0,0,0,0,0,0,0,0,0,0,0,0,0
img1045.png,0,0,0,0,0,0,0,0,0,0,0,0,0,0,0
img7468.png,0,0,0,0,0,0,0,0,0,0,0,0,0,0,0
img4244.png,0,4238,0,0,0,0,0,0,0,0,3492,0,0,297,0
img3296.png,592,112,171,570,127,193,589,211,174,575,201,188,581,198,182
img478.png,0,0,0,0,0,0,0,0,0,0,0,0,0,0,0
img7467.png,0,0,0,0,0,0,0,0,0,0,0,0,0,0,0
img4948.png,10018,309,261,10022,277,257,10011,283,268,10017,275,262,10021,283,258
img4917.png,0,0,0,0,0,0,0,0,0,0,0,0,0,0,0
img3147.png,0,0,0,0,0,0,0,0,0,0,0,0,0,0,0
img1632.png,20418,19,944,20365,29,997,20724,20,638,20597,17,765,20553,14,809
img7043.png,334,0,1703,1479,239,558,1368,62,669,230,0,1807,1063,12,974
img3642.png,16120,331,337,16114,364,343,16060,336,397,16069,334,388,16101,325,356
img3226.png,0,0,0,0,0,0,0,0,0,0,0,0,0,0,0
img3111.png,0,0,0,0,0,0,0,0,0,0,0,0,0,0,0
img3101.png,0,0,0,0,0,0,0,0,0,0,0,0,0,0,0
img4797.png,27825,745,1206,27958,818,1073,27778,562,1253,27885,835,1146,27880,740,1151
img7481.png,0,0,0,0,0,0,0,0,0,0,0,0,0,0,0
img4336.png,0,0,0,0,0,0,0,0,0,0,0,0,0,0,0
img628.png,0,0,0,0,0,0,0,0,0,0,0,0,0,0,0
img4054.png,0,0,0,0,0,0,0,0,0,0,0,0,0,0,0
img7461.png,0,0,544,0,0,544,0,0,544,0,0,544,0,0,544
img3458.png,0,0,0,0,0,0,0,0,0,0,0,0,0,0,0
img5697.png,0,0,0,0,0,0,0,0,0,0,0,0,0,0,0
img4806.png,8329,230,49,8321,233,57,8310,197,68,8337,229,41,8326,213,52
img1901.png,0,0,0,0,0,0,0,0,0,0,0,0,0,0,0
img1022.png,0,0,0,0,0,0,0,0,0,0,0,0,0,0,0
img5770.png,0,0,0,0,0,0,0,0,0,0,0,0,0,0,0
img5891.png,0,0,0,0,0,0,0,0,0,0,0,0,0,0,0
img6191.png,168,0,28,170,0,26,174,0,22,170,0,26,172,0,24
img4325.png,0,0,0,0,0,0,0,0,0,0,0,0,0,0,0
img2113.png,0,0,0,0,0,0,0,0,0,0,0,0,0,0,0
img1226.png,0,0,0,0,0,0,0,0,0,0,0,0,0,0,0
img2421.png,0,0,0,0,0,0,0,0,0,0,0,0,0,0,0
img6690.png,0,0,0,0,0,0,0,0,0,0,0,0,0,0,0
img2548.png,0,0,0,0,0,0,0,0,0,0,0,0,0,0,0
img3017.png,5804,174,152,5828,235,128,5817,180,139,5804,188,152,5819,181,137
img7248.png,0,0,0,0,0,0,0,0,0,0,0,0,0,0,0
img5572.png,0,0,0,0,0,0,0,0,0,0,0,0,0,0,0
img4528.png,0,0,0,0,0,0,0,0,0,0,0,0,0,0,0
img2948.png,0,0,0,0,0,0,0,0,0,0,0,0,0,0,0
img4764.png,0,0,0,0,0,0,0,0,0,0,0,0,0,0,0
img2656.png,5932,0,382,5962,0,352,5916,0,398,5947,0,367,5938,0,376
img37.png,0,0,0,0,0,0,0,0,0,0,0,0,0,0,0
img2600.png,0,0,0,0,0,0,0,0,0,0,0,0,0,0,0
img1698.png,3894,70,2964,3912,166,2946,3659,35,3199,3934,27,2924,3895,34,2963
img4965.png,0,0,0,0,0,0,0,0,0,0,0,0,0,0,0
img2230.png,0,0,0,0,0,0,0,0,0,0,0,0,0,0,0
img3863.png,0,0,0,0,0,0,0,0,0,0,0,0,0,0,0
img1857.png,623,136,42,621,58,44,627,113,38,624,23,41,626,59,39
img29.png,0,0,0,0,0,0,0,0,0,0,0,0,0,0,0
img3925.png,30200,928,1119,30211,927,1108,30110,816,1209,30213,781,1106,30203,812,1116
img3208.png,0,0,0,0,0,0,0,0,0,0,0,0,0,0,0
img1400.png,23302,8054,1920,23300,11781,1922,23308,12950,1914,23311,14187,1911,23308,12299,1914
img2141.png,0,0,0,0,0,0,0,0,0,0,0,0,0,0,0
img1528.png,0,0,36,0,0,36,0,0,36,0,0,36,0,0,36
img357.png,0,0,0,0,0,0,0,0,0,0,0,0,0,0,0
img6215.png,13808,428,198,13828,436,178,13759,399,247,13759,413,247,13803,408,203
img4204.png,0,0,0,0,0,0,0,0,0,0,0,0,0,0,0
img135.png,0,0,0,0,0,0,0,0,0,0,0,0,0,0,0
img1274.png,0,0,0,0,0,0,0,0,0,0,0,0,0,0,0
img1434.png,0,0,0,0,0,0,0,0,0,0,0,0,0,0,0
img5624.png,0,0,0,0,0,0,0,0,0,0,0,0,0,0,0
img1484.png,20470,286,208,20440,247,238,20501,297,177,20491,250,187,20475,265,203
img3336.png,0,0,0,0,0,0,0,0,0,0,0,0,0,0,0
img7016.png,0,0,0,0,0,0,0,0,0,0,0,0,0,0,0
img6293.png,0,0,0,0,0,0,0,0,0,0,0,0,0,0,0
img874.png,0,0,128,0,0,128,0,0,128,0,0,128,0,0,128
img3432.png,0,0,0,0,0,0,0,0,0,0,0,0,0,0,0
img1486.png,0,0,0,0,0,0,0,0,0,0,135,0,0,0,0
img5216.png,0,0,0,0,0,0,0,0,0,0,0,0,0,0,0
img6606.png,0,0,0,0,0,0,0,0,0,0,0,0,0,0,0
img6615.png,27097,674,1085,27099,661,1083,26628,585,1554,26758,615,1424,26884,587,1298
img6294.png,0,0,0,0,0,0,0,0,0,0,0,0,0,0,0
img2351.png,0,0,0,0,0,0,0,0,0,0,0,0,0,0,0
img1290.png,0,0,0,0,0,0,0,0,0,0,0,0,0,0,0
img1978.png,0,0,30,0,0,30,0,0,30,0,0,30,0,0,30
img7368.png,0,0,825,0,0,825,0,0,825,0,2,825,0,0,825
img4741.png,5936,160,231,5614,141,553,3788,38,2379,3339,60,2828,5158,63,1009
img5419.png,0,0,0,0,0,0,0,0,0,0,0,0,0,0,0
img3718.png,0,0,2170,0,0,2170,0,0,2170,0,0,2170,0,0,2170
img7210.png,0,0,0,0,0,0,0,0,0,0,0,0,0,0,0
img4553.png,18393,495,255,18370,437,278,18270,409,378,18391,539,257,18371,452,277
img845.png,0,0,0,0,0,0,0,0,0,0,0,0,0,0,0
img5633.png,0,0,0,0,0,0,0,0,0,0,0,0,0,0,0
img732.png,0,0,0,0,0,0,0,0,0,0,0,0,0,0,0
img399.png,0,0,0,0,0,0,0,0,0,0,0,0,0,0,0
img3531.png,0,0,0,0,0,0,0,0,0,0,0,0,0,0,0
img3690.png,0,0,0,0,0,0,0,0,0,0,0,0,0,0,0
img1550.png,0,0,0,0,0,0,0,0,0,0,0,0,0,0,0
img1686.png,0,0,747,0,0,747,0,0,747,0,0,747,0,0,747
img3308.png,0,0,0,0,0,0,0,0,0,0,0,0,0,0,0
img6514.png,2434,6,64,2415,19,83,2431,2,67,2302,0,196,2413,1,85
img5906.png,29433,1358,0,29433,1277,0,29433,1401,0,29433,1508,0,29433,1379,0
img4567.png,0,0,0,0,0,0,0,0,0,0,0,0,0,0,0
img2668.png,19326,777,123,19404,566,45,18780,316,669,19255,257,194,19287,296,162
img6126.png,0,0,0,0,0,0,0,0,0,0,0,0,0,0,0
img5622.png,0,0,0,0,0,0,0,0,0,0,0,0,0,0,0
